id,station_id,time,PM25_Concentration,PM10_Concentration,NO2_Concentration,CO_Concentration,O3_Concentration,SO2_Concentration
2989606,CD1,2018-05-07 21:00:00,,35.4,93.4,,,
2989607,BL0,2018-05-07 21:00:00,,36.9,87.0,,,
2989608,GR4,2018-05-07 21:00:00,32.6,43.3,64.5,,,
2989609,MY7,2018-05-07 21:00:00,,,,,,
2989610,HV1,2018-05-07 21:00:00,32.0,35.1,111.3,,,
2989611,GN3,2018-05-07 21:00:00,39.4,46.4,83.6,,,
2989612,GR9,2018-05-07 21:00:00,43.5,53.8,131.3,,,
2989613,LW2,2018-05-07 21:00:00,40.4,51.8,77.0,,,
2989614,GN0,2018-05-07 21:00:00,,39.0,93.5,,,
2989615,KF1,2018-05-07 21:00:00,,,,,,
2989616,CD9,2018-05-07 21:00:00,,,139.8,,,
2989617,CT3,2018-05-07 21:00:00,14.0,34.6,,,,
2989618,CT2,2018-05-07 21:00:00,30.0,,,,,
2989619,BX9,2018-05-07 21:00:00,39.9,,,,,
2989620,BX1,2018-05-07 21:00:00,,36.8,84.4,,,
2989621,TH4,2018-05-07 21:00:00,34.2,44.1,66.8,,,
2989622,ST5,2018-05-07 21:00:00,,,,,,
2989623,RB7,2018-05-07 21:00:00,36.0,,66.9,,,
2989624,TD5,2018-05-07 21:00:00,26.7,,,,,
2989662,CD1,2018-05-07 22:00:00,,37.6,102.2,,,
2989663,BL0,2018-05-07 22:00:00,,,,,,
2989664,GR4,2018-05-07 22:00:00,37.8,47.7,68.3,,,
2989665,MY7,2018-05-07 22:00:00,,,,,,
2989666,HV1,2018-05-07 22:00:00,45.1,46.3,106.5,,,
2989667,GN3,2018-05-07 22:00:00,43.3,49.0,83.6,,,
2989668,GR9,2018-05-07 22:00:00,45.8,54.9,115.6,,,
2989669,LW2,2018-05-07 22:00:00,47.3,49.8,87.9,,,
2989670,GN0,2018-05-07 22:00:00,,45.8,103.5,,,
2989671,KF1,2018-05-07 22:00:00,,,,,,
2989672,CD9,2018-05-07 22:00:00,,52.5,133.3,,,
2989673,CT3,2018-05-07 22:00:00,27.0,47.0,,,,
2989674,CT2,2018-05-07 22:00:00,40.0,,,,,
2989675,BX9,2018-05-07 22:00:00,47.8,,,,,
2989676,BX1,2018-05-07 22:00:00,,40.5,77.7,,,
2989677,TH4,2018-05-07 22:00:00,46.5,55.3,90.2,,,
2989678,ST5,2018-05-07 22:00:00,,,,,,
2989679,RB7,2018-05-07 22:00:00,44.0,,62.9,,,
2989680,TD5,2018-05-07 22:00:00,26.7,,,,,
2989718,CD1,2018-05-07 23:00:00,,44.2,104.2,,,
2989719,BL0,2018-05-07 23:00:00,,46.6,110.5,,,
2989720,GR4,2018-05-07 23:00:00,38.5,51.1,61.8,,,
2989721,MY7,2018-05-07 23:00:00,,,,,,
2989722,HV1,2018-05-07 23:00:00,53.8,55.7,64.9,,,
2989723,GN3,2018-05-07 23:00:00,47.2,53.3,84.7,,,
2989724,GR9,2018-05-07 23:00:00,46.6,56.1,101.3,,,
2989725,LW2,2018-05-07 23:00:00,45.5,51.5,92.9,,,
2989726,GN0,2018-05-07 23:00:00,,46.6,96.7,,,
2989727,KF1,2018-05-07 23:00:00,,,,,,
2989728,CD9,2018-05-07 23:00:00,,,143.7,,,
2989729,CT3,2018-05-07 23:00:00,26.0,46.2,,,,
2989730,CT2,2018-05-07 23:00:00,42.0,,,,,
2989731,BX9,2018-05-07 23:00:00,49.6,,,,,
2989732,BX1,2018-05-07 23:00:00,,40.2,80.5,,,
2989733,TH4,2018-05-07 23:00:00,52.7,58.9,103.6,,,
2989734,ST5,2018-05-07 23:00:00,,,62.9,,,
2989735,RB7,2018-05-07 23:00:00,51.0,,56.0,,,
2989736,TD5,2018-05-07 23:00:00,,,,,,
2989774,CD1,2018-05-08 00:00:00,,45.6,99.1,,,
2989775,BL0,2018-05-08 00:00:00,,,,,,
2989776,GR4,2018-05-08 00:00:00,45.9,48.6,63.8,,,
2989777,MY7,2018-05-08 00:00:00,,,,,,
2989778,HV1,2018-05-08 00:00:00,54.9,55.8,61.6,,,
2989779,GN3,2018-05-08 00:00:00,48.2,56.0,82.1,,,
2989780,GR9,2018-05-08 00:00:00,49.7,57.0,96.9,,,
2989781,LW2,2018-05-08 00:00:00,39.3,50.0,86.5,,,
2989782,GN0,2018-05-08 00:00:00,,50.1,88.4,,,
2989783,KF1,2018-05-08 00:00:00,30.0,39.1,,,,
2989784,CD9,2018-05-08 00:00:00,,57.6,127.6,,,
2989785,CT3,2018-05-08 00:00:00,31.0,48.8,,,,
2989786,CT2,2018-05-08 00:00:00,50.0,,,,,
2989787,BX9,2018-05-08 00:00:00,48.8,,,,,
2989788,BX1,2018-05-08 00:00:00,,41.3,74.2,,,
2989789,TH4,2018-05-08 00:00:00,55.6,63.5,93.5,,,
2989790,ST5,2018-05-08 00:00:00,31.0,39.0,62.2,,,
2989791,RB7,2018-05-08 00:00:00,59.0,,53.1,,,
2989792,TD5,2018-05-08 00:00:00,38.1,,,,,
2989830,CD1,2018-05-08 01:00:00,,52.0,103.2,,,
2989831,BL0,2018-05-08 01:00:00,46.9,53.8,,,,
2989832,GR4,2018-05-08 01:00:00,44.8,50.9,67.2,,,
2989833,MY7,2018-05-08 01:00:00,,,,,,
2989834,HV1,2018-05-08 01:00:00,61.4,61.9,54.5,,,
2989835,GN3,2018-05-08 01:00:00,52.0,57.7,85.8,,,
2989836,GR9,2018-05-08 01:00:00,50.9,58.9,92.5,,,
2989837,LW2,2018-05-08 01:00:00,50.6,54.0,99.8,,,
2989838,GN0,2018-05-08 01:00:00,,50.1,81.2,,,
2989839,KF1,2018-05-08 01:00:00,32.1,40.0,,,,
2989840,CD9,2018-05-08 01:00:00,,,124.3,,,
2989841,CT3,2018-05-08 01:00:00,36.0,55.0,,,,
2989842,CT2,2018-05-08 01:00:00,53.0,,,,,
2989843,BX9,2018-05-08 01:00:00,46.2,,,,,
2989844,BX1,2018-05-08 01:00:00,,40.9,62.0,,,
2989845,TH4,2018-05-08 01:00:00,61.6,70.0,87.9,,,
2989846,ST5,2018-05-08 01:00:00,25.0,33.0,41.7,,,
2989847,RB7,2018-05-08 01:00:00,60.0,,50.6,,,
2989848,TD5,2018-05-08 01:00:00,,,,,,
2989886,CD1,2018-05-08 02:00:00,,54.4,99.5,,,
2989887,BL0,2018-05-08 02:00:00,,,,,,
2989888,GR4,2018-05-08 02:00:00,45.3,59.1,63.9,,,
2989889,MY7,2018-05-08 02:00:00,,,,,,
2989890,HV1,2018-05-08 02:00:00,55.4,55.8,51.4,,,
2989891,GN3,2018-05-08 02:00:00,51.4,55.0,70.4,,,
2989892,GR9,2018-05-08 02:00:00,49.6,57.8,88.8,,,
2989893,LW2,2018-05-08 02:00:00,41.0,44.0,70.3,,,
2989894,GN0,2018-05-08 02:00:00,,,76.5,,,
2989895,KF1,2018-05-08 02:00:00,33.1,41.0,,,,
2989896,CD9,2018-05-08 02:00:00,,65.6,118.8,,,
2989897,CT3,2018-05-08 02:00:00,44.0,51.4,85.3,,,
2989898,CT2,2018-05-08 02:00:00,51.0,,,,,
2989899,BX9,2018-05-08 02:00:00,41.8,,,,,
2989900,BX1,2018-05-08 02:00:00,,45.5,46.7,,,
2989901,TH4,2018-05-08 02:00:00,62.8,73.4,85.3,,,
2989902,ST5,2018-05-08 02:00:00,23.0,22.0,30.7,,,
2989903,RB7,2018-05-08 02:00:00,55.0,,45.6,,,
2989904,TD5,2018-05-08 02:00:00,30.3,,,,,
2989942,CD1,2018-05-08 03:00:00,,60.2,95.5,,,
2989943,BL0,2018-05-08 03:00:00,,62.1,88.4,,,
2989944,GR4,2018-05-08 03:00:00,41.5,48.3,46.0,,,
2989945,MY7,2018-05-08 03:00:00,,,,,,
2989946,HV1,2018-05-08 03:00:00,56.7,61.0,40.9,,,
2989947,GN3,2018-05-08 03:00:00,48.2,55.3,67.2,,,
2989948,GR9,2018-05-08 03:00:00,47.5,58.6,69.3,,,
2989949,LW2,2018-05-08 03:00:00,39.7,45.5,55.9,,,
2989950,GN0,2018-05-08 03:00:00,,45.6,74.0,,,
2989951,KF1,2018-05-08 03:00:00,,,,,,
2989952,CD9,2018-05-08 03:00:00,,,115.5,,,
2989953,CT3,2018-05-08 03:00:00,45.0,53.2,88.7,,,
2989954,CT2,2018-05-08 03:00:00,60.0,,,,,
2989955,BX9,2018-05-08 03:00:00,38.2,,,,,
2989956,BX1,2018-05-08 03:00:00,,43.5,35.7,,,
2989957,TH4,2018-05-08 03:00:00,69.3,85.8,81.5,,,
2989958,ST5,2018-05-08 03:00:00,16.0,29.0,36.9,,,
2989959,RB7,2018-05-08 03:00:00,58.0,,44.6,,,
2989960,TD5,2018-05-08 03:00:00,30.4,,,,,
2989998,CD1,2018-05-08 04:00:00,,63.2,88.7,,,
2989999,BL0,2018-05-08 04:00:00,,,,,,
2990000,GR4,2018-05-08 04:00:00,35.5,40.4,39.3,,,
2990001,MY7,2018-05-08 04:00:00,,,,,,
2990002,HV1,2018-05-08 04:00:00,60.1,61.2,43.1,,,
2990003,GN3,2018-05-08 04:00:00,38.4,41.2,49.4,,,
2990004,GR9,2018-05-08 04:00:00,43.5,51.6,62.2,,,
2990005,LW2,2018-05-08 04:00:00,38.6,46.9,50.5,,,
2990006,GN0,2018-05-08 04:00:00,,45.0,74.6,,,
2990007,KF1,2018-05-08 04:00:00,39.9,47.2,,,,
2990008,CD9,2018-05-08 04:00:00,,76.2,125.2,,,
2990009,CT3,2018-05-08 04:00:00,56.0,62.6,87.2,,,
2990010,CT2,2018-05-08 04:00:00,62.0,,,,,
2990011,BX9,2018-05-08 04:00:00,37.1,,,,,
2990012,BX1,2018-05-08 04:00:00,,46.6,32.9,,,
2990013,TH4,2018-05-08 04:00:00,70.9,94.5,82.4,,,
2990014,ST5,2018-05-08 04:00:00,23.0,22.0,37.1,,,
2990015,RB7,2018-05-08 04:00:00,57.0,,44.6,,,
2990016,TD5,2018-05-08 04:00:00,25.5,,,,,
2990054,CD1,2018-05-08 05:00:00,,95.2,99.1,,,
2990055,BL0,2018-05-08 05:00:00,,75.4,80.3,,,
2990056,GR4,2018-05-08 05:00:00,28.9,34.8,41.6,,,
2990057,MY7,2018-05-08 05:00:00,,,,,,
2990058,HV1,2018-05-08 05:00:00,55.7,56.0,32.0,,,
2990059,GN3,2018-05-08 05:00:00,42.4,47.2,50.1,,,
2990060,GR9,2018-05-08 05:00:00,45.6,57.8,71.0,,,
2990061,LW2,2018-05-08 05:00:00,43.6,51.7,52.5,,,
2990062,GN0,2018-05-08 05:00:00,,56.7,82.1,,,
2990063,KF1,2018-05-08 05:00:00,,,,,,
2990064,CD9,2018-05-08 05:00:00,,,128.4,,,
2990065,CT3,2018-05-08 05:00:00,59.0,67.6,82.8,,,
2990066,CT2,2018-05-08 05:00:00,79.0,,,,,
2990067,BX9,2018-05-08 05:00:00,39.1,,,,,
2990068,BX1,2018-05-08 05:00:00,,53.5,41.9,,,
2990069,TH4,2018-05-08 05:00:00,80.5,104.3,87.8,,,
2990070,ST5,2018-05-08 05:00:00,20.0,38.0,41.4,,,
2990071,RB7,2018-05-08 05:00:00,72.0,,48.5,,,
2990072,TD5,2018-05-08 05:00:00,25.1,,,,,
2990110,CD1,2018-05-08 06:00:00,,92.7,123.8,,,
2990111,BL0,2018-05-08 06:00:00,68.2,80.8,,,,
2990112,GR4,2018-05-08 06:00:00,31.7,44.8,54.6,,,
2990113,MY7,2018-05-08 06:00:00,,,,,,
2990114,HV1,2018-05-08 06:00:00,71.9,77.8,52.3,,,
2990115,GN3,2018-05-08 06:00:00,51.5,62.2,57.2,,,
2990116,GR9,2018-05-08 06:00:00,47.4,55.2,69.8,,,
2990117,LW2,2018-05-08 06:00:00,59.6,73.4,81.8,,,
2990118,GN0,2018-05-08 06:00:00,,51.6,84.3,,,
2990119,KF1,2018-05-08 06:00:00,,,,,,
2990120,CD9,2018-05-08 06:00:00,100.7,100.8,158.7,,,
2990121,CT3,2018-05-08 06:00:00,67.0,78.8,92.0,,,
2990122,CT2,2018-05-08 06:00:00,79.0,,,,,
2990123,BX9,2018-05-08 06:00:00,39.4,,,,,
2990124,BX1,2018-05-08 06:00:00,,56.8,51.8,,,
2990125,TH4,2018-05-08 06:00:00,87.5,119.7,93.4,,,
2990126,ST5,2018-05-08 06:00:00,42.0,145.0,57.2,,,
2990127,RB7,2018-05-08 06:00:00,70.0,,50.8,,,
2990128,TD5,2018-05-08 06:00:00,36.6,,,,,
2990166,CD1,2018-05-08 07:00:00,1.4,72.4,130.2,,,
2990167,BL0,2018-05-08 07:00:00,,66.2,116.3,,,
2990168,GR4,2018-05-08 07:00:00,28.6,40.5,59.6,,,
2990169,MY7,2018-05-08 07:00:00,,,,,,
2990170,HV1,2018-05-08 07:00:00,66.9,75.1,63.0,,,
2990171,GN3,2018-05-08 07:00:00,50.3,59.5,65.5,,,
2990172,GR9,2018-05-08 07:00:00,40.5,52.4,89.6,,,
2990173,LW2,2018-05-08 07:00:00,47.6,54.0,92.1,,,
2990174,GN0,2018-05-08 07:00:00,54.7,65.5,94.0,,,
2990175,KF1,2018-05-08 07:00:00,,,,,,
2990176,CD9,2018-05-08 07:00:00,,,173.1,,,
2990177,CT3,2018-05-08 07:00:00,57.0,,,,,
2990178,CT2,2018-05-08 07:00:00,66.0,,,,,
2990179,BX9,2018-05-08 07:00:00,40.7,,,,,
2990180,BX1,2018-05-08 07:00:00,,,67.2,,,
2990181,TH4,2018-05-08 07:00:00,,,,,,
2990182,ST5,2018-05-08 07:00:00,33.0,,68.2,,,
2990183,RB7,2018-05-08 07:00:00,52.0,,59.0,,,
2990184,TD5,2018-05-08 07:00:00,39.5,,,,,
2990932,CD1,2018-05-08 08:00:00,,51.5,121.0,,,
2990933,BL0,2018-05-08 08:00:00,,49.9,109.0,,,
2990934,GR4,2018-05-08 08:00:00,21.4,29.8,35.3,,,
2990935,MY7,2018-05-08 08:00:00,,,,,,
2990936,HV1,2018-05-08 08:00:00,50.0,63.3,92.2,,,
2990937,GN3,2018-05-08 08:00:00,41.4,54.0,75.1,,,
2990938,GR9,2018-05-08 08:00:00,31.9,42.9,71.9,,,
2990939,LW2,2018-05-08 08:00:00,35.9,45.4,86.6,,,
2990940,GN0,2018-05-08 08:00:00,,51.2,104.6,,,
2990941,KF1,2018-05-08 08:00:00,,,,,,
2990942,CD9,2018-05-08 08:00:00,70.5,74.3,208.8,,,
2990943,CT3,2018-05-08 08:00:00,45.0,56.2,,,,
2990944,CT2,2018-05-08 08:00:00,48.0,,,,,
2990945,BX9,2018-05-08 08:00:00,39.0,,,,,
2990946,BX1,2018-05-08 08:00:00,,56.8,84.7,,,
2990947,TH4,2018-05-08 08:00:00,,,,,,
2990948,ST5,2018-05-08 08:00:00,23.0,63.0,65.8,,,
2990949,RB7,2018-05-08 08:00:00,35.0,,72.0,,,
2990950,TD5,2018-05-08 08:00:00,26.7,,,,,
2990988,CD1,2018-05-08 09:00:00,,33.0,69.3,,,
2990989,BL0,2018-05-08 09:00:00,,34.3,53.6,,,
2990990,GR4,2018-05-08 09:00:00,21.7,34.2,29.3,,,
2990991,MY7,2018-05-08 09:00:00,,,,,,
2990992,HV1,2018-05-08 09:00:00,36.9,61.4,104.0,,,
2990993,GN3,2018-05-08 09:00:00,25.5,34.0,46.1,,,
2990994,GR9,2018-05-08 09:00:00,25.6,35.3,59.6,,,
2990995,LW2,2018-05-08 09:00:00,28.8,38.4,87.5,,,
2990996,GN0,2018-05-08 09:00:00,,35.3,53.5,,,
2990997,KF1,2018-05-08 09:00:00,,,,,,
2990998,CD9,2018-05-08 09:00:00,,,186.7,,,
2990999,CT3,2018-05-08 09:00:00,,,,,,
2991000,CT2,2018-05-08 09:00:00,26.0,,,,,
2991001,BX9,2018-05-08 09:00:00,27.8,,,,,
2991002,BX1,2018-05-08 09:00:00,,42.5,64.7,,,
2991003,TH4,2018-05-08 09:00:00,,,,,,
2991004,ST5,2018-05-08 09:00:00,21.0,50.0,43.8,,,
2991005,RB7,2018-05-08 09:00:00,26.0,,61.7,,,
2991006,TD5,2018-05-08 09:00:00,,,,,,
2991044,CD1,2018-05-08 10:00:00,,30.9,59.6,,,
2991045,BL0,2018-05-08 10:00:00,,24.5,35.0,,,
2991046,GR4,2018-05-08 10:00:00,11.0,29.6,21.8,,,
2991047,MY7,2018-05-08 10:00:00,,,,,,
2991048,HV1,2018-05-08 10:00:00,30.2,51.2,73.9,,,
2991049,GN3,2018-05-08 10:00:00,15.6,24.6,41.2,,,
2991050,GR9,2018-05-08 10:00:00,15.2,29.3,29.3,,,
2991051,LW2,2018-05-08 10:00:00,22.3,28.8,88.0,,,
2991052,GN0,2018-05-08 10:00:00,,27.8,40.4,,,
2991053,KF1,2018-05-08 10:00:00,,,,,,
2991054,CD9,2018-05-08 10:00:00,39.2,42.2,159.2,,,
2991055,CT3,2018-05-08 10:00:00,,,,,,
2991056,CT2,2018-05-08 10:00:00,21.0,,,,,
2991057,BX9,2018-05-08 10:00:00,17.5,,,,,
2991058,BX1,2018-05-08 10:00:00,,26.6,9.3,,,
2991059,TH4,2018-05-08 10:00:00,,,,,,
2991060,ST5,2018-05-08 10:00:00,16.0,44.0,40.1,,,
2991061,RB7,2018-05-08 10:00:00,24.0,,35.7,,,
2991062,TD5,2018-05-08 10:00:00,22.2,,,,,
2991100,CD1,2018-05-08 11:00:00,,31.5,59.5,,,
2991101,BL0,2018-05-08 11:00:00,14.0,25.3,39.6,,,
2991102,GR4,2018-05-08 11:00:00,11.8,28.6,13.6,,,
2991103,MY7,2018-05-08 11:00:00,,,,,,
2991104,HV1,2018-05-08 11:00:00,15.6,30.0,54.8,,,
2991105,GN3,2018-05-08 11:00:00,16.2,22.7,34.7,,,
2991106,GR9,2018-05-08 11:00:00,19.6,30.9,24.2,,,
2991107,LW2,2018-05-08 11:00:00,21.3,27.7,82.6,,,
2991108,GN0,2018-05-08 11:00:00,,21.5,30.4,,,
2991109,KF1,2018-05-08 11:00:00,,,,,,
2991110,CD9,2018-05-08 11:00:00,,,159.2,,,
2991111,CT3,2018-05-08 11:00:00,,,,,,
2991112,CT2,2018-05-08 11:00:00,21.0,,,,,
2991113,BX9,2018-05-08 11:00:00,12.7,,,,,
2991114,BX1,2018-05-08 11:00:00,,29.1,7.6,,,
2991115,TH4,2018-05-08 11:00:00,,,,,,
2991116,ST5,2018-05-08 11:00:00,14.0,44.0,35.1,,,
2991117,RB7,2018-05-08 11:00:00,22.0,,32.3,,,
2991118,TD5,2018-05-08 11:00:00,18.0,,,,,
2991156,CD1,2018-05-08 12:00:00,,33.4,52.5,,,
2991157,BL0,2018-05-08 12:00:00,,29.7,22.8,,,
2991158,GR4,2018-05-08 12:00:00,16.7,27.1,12.4,,,
2991159,MY7,2018-05-08 12:00:00,,,,,,
2991160,HV1,2018-05-08 12:00:00,17.5,31.8,52.6,,,
2991161,GN3,2018-05-08 12:00:00,17.5,24.7,32.5,,,
2991162,GR9,2018-05-08 12:00:00,16.3,22.8,15.0,,,
2991163,LW2,2018-05-08 12:00:00,23.3,33.7,81.7,,,
2991164,GN0,2018-05-08 12:00:00,,20.0,24.0,,,
2991165,KF1,2018-05-08 12:00:00,,,,,,
2991166,CD9,2018-05-08 12:00:00,46.8,50.3,,,,
2991167,CT3,2018-05-08 12:00:00,,,,,,
2991168,CT2,2018-05-08 12:00:00,22.0,,,,,
2991169,BX9,2018-05-08 12:00:00,16.2,,,,,
2991170,BX1,2018-05-08 12:00:00,,29.2,6.5,,,
2991171,TH4,2018-05-08 12:00:00,,,,,,
2991172,ST5,2018-05-08 12:00:00,,46.0,44.3,,,
2991173,RB7,2018-05-08 12:00:00,24.0,,17.9,,,
2991174,TD5,2018-05-08 12:00:00,18.2,,,,,
2991212,CD1,2018-05-08 13:00:00,,30.2,49.8,,,
2991213,BL0,2018-05-08 13:00:00,12.7,24.0,13.2,,,
2991214,GR4,2018-05-08 13:00:00,15.3,26.9,13.2,,,
2991215,MY7,2018-05-08 13:00:00,,,,,,
2991216,HV1,2018-05-08 13:00:00,16.5,27.2,47.8,,,
2991217,GN3,2018-05-08 13:00:00,16.0,30.6,34.1,,,
2991218,GR9,2018-05-08 13:00:00,17.7,27.1,25.4,,,
2991219,LW2,2018-05-08 13:00:00,23.6,35.5,100.2,,,
2991220,GN0,2018-05-08 13:00:00,,24.0,20.5,,,
2991221,KF1,2018-05-08 13:00:00,,,,,,
2991222,CD9,2018-05-08 13:00:00,,,,,,
2991223,CT3,2018-05-08 13:00:00,16.0,32.8,,,,
2991224,CT2,2018-05-08 13:00:00,23.0,,,,,
2991225,BX9,2018-05-08 13:00:00,,,,,,
2991226,BX1,2018-05-08 13:00:00,,35.7,8.1,,,
2991227,TH4,2018-05-08 13:00:00,,,,,,
2991228,ST5,2018-05-08 13:00:00,,48.0,38.2,,,
2991229,RB7,2018-05-08 13:00:00,23.0,,29.3,,,
2991230,TD5,2018-05-08 13:00:00,19.6,,,,,
2991268,CD1,2018-05-08 14:00:00,,30.7,59.7,,,
2991269,BL0,2018-05-08 14:00:00,,27.0,18.4,,,
2991270,GR4,2018-05-08 14:00:00,18.7,23.3,17.6,,,
2991271,MY7,2018-05-08 14:00:00,26.2,40.1,,,,
2991272,HV1,2018-05-08 14:00:00,17.3,29.1,49.6,,,
2991273,GN3,2018-05-08 14:00:00,17.5,25.3,37.4,,,
2991274,GR9,2018-05-08 14:00:00,17.6,27.5,25.2,,,
2991275,LW2,2018-05-08 14:00:00,18.0,29.6,65.0,,,
2991276,GN0,2018-05-08 14:00:00,,20.6,25.8,,,
2991277,KF1,2018-05-08 14:00:00,,,,,,
2991278,CD9,2018-05-08 14:00:00,,,,,,
2991279,CT3,2018-05-08 14:00:00,1.0,30.6,,,,
2991280,CT2,2018-05-08 14:00:00,18.0,,,,,
2991281,BX9,2018-05-08 14:00:00,17.9,,,,,
2991282,BX1,2018-05-08 14:00:00,,32.3,11.7,,,
2991283,TH4,2018-05-08 14:00:00,,,,,,
2991284,ST5,2018-05-08 14:00:00,17.0,38.0,45.3,,,
2991285,RB7,2018-05-08 14:00:00,20.0,,36.2,,,
2991286,TD5,2018-05-08 14:00:00,15.1,,,,,
2991324,CD1,2018-05-08 15:00:00,,27.6,43.8,,,
2991325,BL0,2018-05-08 15:00:00,,27.3,18.2,,,
2991326,GR4,2018-05-08 15:00:00,15.9,19.8,13.3,,,
2991327,MY7,2018-05-08 15:00:00,26.6,41.6,,,,
2991328,HV1,2018-05-08 15:00:00,18.2,34.2,44.8,,,
2991329,GN3,2018-05-08 15:00:00,16.6,26.9,33.6,,,
2991330,GR9,2018-05-08 15:00:00,16.9,26.5,32.5,,,
2991331,LW2,2018-05-08 15:00:00,20.2,30.7,54.1,,,
2991332,GN0,2018-05-08 15:00:00,,24.9,23.7,,,
2991333,KF1,2018-05-08 15:00:00,,,,,,
2991334,CD9,2018-05-08 15:00:00,,,,,,
2991335,CT3,2018-05-08 15:00:00,4.0,31.0,,,,
2991336,CT2,2018-05-08 15:00:00,18.0,,,,,
2991337,BX9,2018-05-08 15:00:00,17.5,,,,,
2991338,BX1,2018-05-08 15:00:00,,32.3,5.4,,,
2991339,TH4,2018-05-08 15:00:00,,,,,,
2991340,ST5,2018-05-08 15:00:00,17.0,38.0,36.2,,,
2991341,RB7,2018-05-08 15:00:00,17.0,,31.0,,,
2991342,TD5,2018-05-08 15:00:00,14.5,,,,,
2991344,CD1,2018-05-08 16:00:00,,22.0,37.5,,,
2991345,BL0,2018-05-08 16:00:00,,23.4,42.1,,,
2991346,GR4,2018-05-08 16:00:00,16.5,22.1,16.0,,,
2991347,MY7,2018-05-08 16:00:00,15.2,35.5,,,,
2991348,HV1,2018-05-08 16:00:00,16.7,33.3,45.4,,,
2991349,GN3,2018-05-08 16:00:00,18.0,29.1,37.4,,,
2991350,GR9,2018-05-08 16:00:00,12.8,26.2,25.0,,,
2991351,LW2,2018-05-08 16:00:00,15.6,34.2,72.6,,,
2991352,GN0,2018-05-08 16:00:00,,25.1,41.4,,,
2991353,KF1,2018-05-08 16:00:00,,,,,,
2991354,CD9,2018-05-08 16:00:00,,,,,,
2991355,CT3,2018-05-08 16:00:00,2.0,25.6,,,,
2991356,CT2,2018-05-08 16:00:00,11.0,,,,,
2991357,BX9,2018-05-08 16:00:00,15.6,,,,,
2991358,BX1,2018-05-08 16:00:00,,21.5,4.8,,,
2991359,TH4,2018-05-08 16:00:00,,,,,,
2991360,ST5,2018-05-08 16:00:00,13.0,34.0,30.5,,,
2991361,RB7,2018-05-08 16:00:00,19.0,,33.4,,,
2991362,TD5,2018-05-08 16:00:00,11.6,,,,,
2991435,CD1,2018-05-08 17:00:00,,20.2,28.5,,,
2991436,BL0,2018-05-08 17:00:00,,18.3,,,,
2991437,GR4,2018-05-08 17:00:00,9.9,22.8,17.4,,,
2991438,MY7,2018-05-08 17:00:00,17.4,31.9,,,,
2991439,HV1,2018-05-08 17:00:00,13.7,27.3,41.5,,,
2991440,GN3,2018-05-08 17:00:00,12.9,21.4,,,,
2991441,GR9,2018-05-08 17:00:00,10.1,21.0,14.3,,,
2991442,LW2,2018-05-08 17:00:00,16.7,26.4,57.3,,,
2991443,GN0,2018-05-08 17:00:00,,18.7,44.7,,,
2991444,KF1,2018-05-08 17:00:00,,,,,,
2991445,CD9,2018-05-08 17:00:00,,,,,,
2991446,CT3,2018-05-08 17:00:00,-2.0,22.0,,,,
2991447,CT2,2018-05-08 17:00:00,13.0,,,,,
2991448,BX9,2018-05-08 17:00:00,14.6,,,,,
2991449,BX1,2018-05-08 17:00:00,,24.5,10.3,,,
2991450,TH4,2018-05-08 17:00:00,,,,,,
2991451,ST5,2018-05-08 17:00:00,11.0,26.0,23.6,,,
2991452,RB7,2018-05-08 17:00:00,17.0,,24.4,,,
2991453,TD5,2018-05-08 17:00:00,9.6,,,,,
2991491,CD1,2018-05-08 18:00:00,,12.0,21.2,,,
2991492,BL0,2018-05-08 18:00:00,,11.7,,,,
2991493,GR4,2018-05-08 18:00:00,9.6,13.4,16.0,,,
2991494,MY7,2018-05-08 18:00:00,9.7,14.8,,,,
2991495,HV1,2018-05-08 18:00:00,8.8,24.5,29.8,,,
2991496,GN3,2018-05-08 18:00:00,11.0,19.8,43.9,,,
2991497,GR9,2018-05-08 18:00:00,5.8,13.4,15.8,,,
2991498,LW2,2018-05-08 18:00:00,13.6,21.1,63.2,,,
2991499,GN0,2018-05-08 18:00:00,,21.3,39.5,,,
2991500,KF1,2018-05-08 18:00:00,,,,,,
2991501,CD9,2018-05-08 18:00:00,,,51.6,,,
2991502,CT3,2018-05-08 18:00:00,-5.0,21.4,,,,
2991503,CT2,2018-05-08 18:00:00,10.0,,,,,
2991504,BX9,2018-05-08 18:00:00,12.9,,,,,
2991505,BX1,2018-05-08 18:00:00,,25.5,13.8,,,
2991506,TH4,2018-05-08 18:00:00,,,,,,
2991507,ST5,2018-05-08 18:00:00,21.0,21.0,15.7,,,
2991508,RB7,2018-05-08 18:00:00,12.0,,15.5,,,
2991509,TD5,2018-05-08 18:00:00,,,,,,
2991547,CD1,2018-05-08 19:00:00,,9.8,24.6,,,
2991548,BL0,2018-05-08 18:00:00,,11.7,,,,
2991549,GR4,2018-05-08 18:00:00,9.6,13.4,16.0,,,
2991550,MY7,2018-05-08 19:00:00,10.6,18.9,,,,
2991551,HV1,2018-05-08 19:00:00,8.1,14.2,22.7,,,
2991552,GN3,2018-05-08 18:00:00,11.0,19.8,43.9,,,
2991553,GR9,2018-05-08 19:00:00,2.7,6.5,13.2,,,
2991554,LW2,2018-05-08 19:00:00,10.6,20.5,56.4,,,
2991555,GN0,2018-05-08 19:00:00,,9.2,33.0,,,
2991556,KF1,2018-05-08 19:00:00,,,,,,
2991557,CD9,2018-05-08 19:00:00,,,49.0,,,
2991558,CT3,2018-05-08 19:00:00,-9.0,,,,,
2991559,CT2,2018-05-08 19:00:00,9.0,,,,,
2991560,BX9,2018-05-08 19:00:00,6.0,,,,,
2991561,BX1,2018-05-08 19:00:00,,,11.0,,,
2991562,TH4,2018-05-08 19:00:00,,,,,,
2991563,ST5,2018-05-08 19:00:00,20.0,,11.9,,,
2991564,RB7,2018-05-08 19:00:00,12.0,,15.9,,,
2991565,TD5,2018-05-08 19:00:00,4.7,,,,,
2991603,CD1,2018-05-08 20:00:00,,8.3,24.8,,,
2991604,BL0,2018-05-08 20:00:00,,10.5,58.5,,,
2991605,GR4,2018-05-08 20:00:00,4.1,8.6,18.6,,,
2991606,MY7,2018-05-08 20:00:00,12.5,19.3,,,,
2991607,HV1,2018-05-08 20:00:00,6.2,10.3,24.0,,,
2991608,GN3,2018-05-08 20:00:00,10.3,15.4,46.7,,,
2991609,GR9,2018-05-08 20:00:00,5.6,8.8,18.4,,,
2991610,LW2,2018-05-08 20:00:00,14.9,19.1,55.1,,,
2991611,GN0,2018-05-08 20:00:00,,10.0,45.7,,,
2991612,KF1,2018-05-08 20:00:00,,,,,,
2991613,CD9,2018-05-08 20:00:00,,,43.5,,,
2991614,CT3,2018-05-08 20:00:00,-11.0,13.2,,,,
2991615,CT2,2018-05-08 20:00:00,9.0,,,,,
2991616,BX9,2018-05-08 20:00:00,6.8,,,,,
2991617,BX1,2018-05-08 20:00:00,,14.3,17.4,,,
2991618,TH4,2018-05-08 20:00:00,,,,,,
2991619,ST5,2018-05-08 20:00:00,9.0,12.0,12.7,,,
2991620,RB7,2018-05-08 20:00:00,14.0,,17.5,,,
2991621,TD5,2018-05-08 20:00:00,,,,,,
2991623,CD1,2018-05-08 21:00:00,,9.1,23.3,,,
2991624,BL0,2018-05-08 21:00:00,,10.4,55.5,,,
2991625,GR4,2018-05-08 21:00:00,7.8,7.7,21.2,,,
2991626,MY7,2018-05-08 21:00:00,10.8,15.6,,,,
2991627,HV1,2018-05-08 21:00:00,4.2,7.8,15.6,,,
2991628,GN3,2018-05-08 21:00:00,6.7,11.0,35.8,,,
2991629,GR9,2018-05-08 21:00:00,3.7,12.5,20.1,,,
2991630,LW2,2018-05-08 21:00:00,6.5,17.8,43.8,,,
2991631,GN0,2018-05-08 21:00:00,,8.2,39.1,,,
2991632,KF1,2018-05-08 21:00:00,,,,,,
2991633,CD9,2018-05-08 21:00:00,,,42.4,,,
2991634,CT3,2018-05-08 21:00:00,-6.0,13.6,,,,
2991635,CT2,2018-05-08 21:00:00,11.0,,,,,
2991636,BX9,2018-05-08 21:00:00,6.3,,,,,
2991637,BX1,2018-05-08 21:00:00,,13.6,12.3,,,
2991638,TH4,2018-05-08 21:00:00,,,,,,
2991639,ST5,2018-05-08 21:00:00,10.0,12.0,10.9,,,
2991640,RB7,2018-05-08 21:00:00,12.0,,16.7,,,
2991641,TD5,2018-05-08 21:00:00,8.0,,,,,
2991679,CD1,2018-05-08 22:00:00,,14.0,25.9,,,
2991680,BL0,2018-05-08 22:00:00,,,,,,
2991681,GR4,2018-05-08 22:00:00,3.7,9.6,18.9,,,
2991682,MY7,2018-05-08 22:00:00,11.3,18.8,,,,
2991683,HV1,2018-05-08 22:00:00,6.1,8.8,14.2,,,
2991684,GN3,2018-05-08 22:00:00,7.0,10.5,30.9,,,
2991685,GR9,2018-05-08 22:00:00,,,,,,
2991686,LW2,2018-05-08 22:00:00,,,,,,
2991687,GN0,2018-05-08 22:00:00,,13.4,36.4,,,
2991688,KF1,2018-05-08 22:00:00,,,,,,
2991689,CD9,2018-05-08 22:00:00,,,44.5,,,
2991690,CT3,2018-05-08 22:00:00,0.0,7.0,,,,
2991691,CT2,2018-05-08 22:00:00,11.0,,,,,
2991692,BX9,2018-05-08 22:00:00,8.3,,,,,
2991693,BX1,2018-05-08 22:00:00,,12.5,7.5,,,
2991694,TH4,2018-05-08 22:00:00,,,,,,
2991695,ST5,2018-05-08 22:00:00,11.0,24.0,13.9,,,
2991696,RB7,2018-05-08 22:00:00,11.0,,16.7,,,
2991697,TD5,2018-05-08 22:00:00,,,,,,
2991735,CD1,2018-05-08 23:00:00,,18.6,19.7,,,
2991736,BL0,2018-05-08 23:00:00,,14.6,,,,
2991737,GR4,2018-05-08 23:00:00,9.2,10.7,19.0,,,
2991738,MY7,2018-05-08 23:00:00,11.5,21.7,,,,
2991739,HV1,2018-05-08 23:00:00,6.8,9.6,13.8,,,
2991740,GN3,2018-05-08 23:00:00,6.9,14.3,28.1,,,
2991741,GR9,2018-05-08 23:00:00,,,,,,
2991742,LW2,2018-05-08 23:00:00,11.1,20.5,55.5,,,
2991743,GN0,2018-05-08 23:00:00,,12.0,27.2,,,
2991744,KF1,2018-05-08 23:00:00,,,,,,
2991745,CD9,2018-05-08 23:00:00,,,39.2,,,
2991746,CT3,2018-05-08 23:00:00,0.0,15.2,,,,
2991747,CT2,2018-05-08 23:00:00,13.0,,,,,
2991748,BX9,2018-05-08 23:00:00,6.9,,,,,
2991749,BX1,2018-05-08 23:00:00,,11.8,7.8,,,
2991750,TH4,2018-05-08 23:00:00,,,,,,
2991751,ST5,2018-05-08 23:00:00,13.0,23.0,19.9,,,
2991752,RB7,2018-05-08 23:00:00,16.0,,15.7,,,
2991753,TD5,2018-05-08 23:00:00,11.6,,,,,
2991791,CD1,2018-05-09 00:00:00,,19.7,16.8,,,
2991792,BL0,2018-05-09 00:00:00,,,,,,
2991793,GR4,2018-05-09 00:00:00,9.1,20.2,17.6,,,
2991794,MY7,2018-05-09 00:00:00,12.7,20.9,,,,
2991795,HV1,2018-05-09 00:00:00,3.8,7.5,15.7,,,
2991796,GN3,2018-05-09 00:00:00,7.5,15.1,28.1,,,
2991797,GR9,2018-05-09 00:00:00,8.6,17.8,19.1,,,
2991798,LW2,2018-05-09 00:00:00,14.7,16.7,51.7,,,
2991799,GN0,2018-05-09 00:00:00,,11.9,28.8,,,
2991800,KF1,2018-05-09 00:00:00,,,,,,
2991801,CD9,2018-05-09 00:00:00,,,37.5,,,
2991802,CT3,2018-05-09 00:00:00,29.0,,,,,
2991803,CT2,2018-05-09 00:00:00,8.0,,,,,
2991804,BX9,2018-05-09 00:00:00,8.2,,,,,
2991805,BX1,2018-05-09 00:00:00,,,18.9,,,
2991806,TH4,2018-05-09 00:00:00,,,,,,
2991807,ST5,2018-05-09 00:00:00,14.0,,20.4,,,
2991808,RB7,2018-05-09 00:00:00,10.0,,15.6,,,
2991809,TD5,2018-05-09 00:00:00,10.8,,,,,
2991847,CD1,2018-05-09 01:00:00,,19.8,17.5,,,
2991848,BL0,2018-05-09 01:00:00,,17.8,,,,
2991849,GR4,2018-05-09 01:00:00,9.1,20.0,20.7,,,
2991850,MY7,2018-05-09 01:00:00,13.6,22.4,,,,
2991851,HV1,2018-05-09 01:00:00,5.6,12.0,17.8,,,
2991852,GN3,2018-05-09 01:00:00,10.8,17.2,21.6,,,
2991853,GR9,2018-05-09 01:00:00,10.4,21.0,17.7,,,
2991854,LW2,2018-05-09 01:00:00,12.7,19.6,33.0,,,
2991855,GN0,2018-05-09 01:00:00,,18.7,28.0,,,
2991856,KF1,2018-05-09 01:00:00,,18.2,,,,
2991857,CD9,2018-05-09 01:00:00,,,30.1,,,
2991858,CT3,2018-05-09 01:00:00,2.0,,,,,
2991859,CT2,2018-05-09 01:00:00,13.0,,,,,
2991860,BX9,2018-05-09 01:00:00,11.2,,,,,
2991861,BX1,2018-05-09 01:00:00,,,20.4,,,
2991862,TH4,2018-05-09 01:00:00,,,,,,
2991863,ST5,2018-05-09 01:00:00,14.0,,18.1,,,
2991864,RB7,2018-05-09 01:00:00,16.0,,17.2,,,
2991865,TD5,2018-05-09 01:00:00,9.2,,,,,
2991903,CD1,2018-05-09 02:00:00,,20.5,18.8,,,
2991904,BL0,2018-05-09 02:00:00,,,,,,
2991905,GR4,2018-05-09 02:00:00,10.2,18.8,18.3,,,
2991906,MY7,2018-05-09 02:00:00,12.1,26.2,,,,
2991907,HV1,2018-05-09 02:00:00,6.5,12.1,20.5,,,
2991908,GN3,2018-05-09 02:00:00,11.0,19.1,31.4,,,
2991909,GR9,2018-05-09 02:00:00,9.5,24.1,29.1,,,
2991910,LW2,2018-05-09 02:00:00,14.4,23.7,26.6,,,
2991911,GN0,2018-05-09 02:00:00,,24.7,31.4,,,
2991912,KF1,2018-05-09 02:00:00,,19.7,,,,
2991913,CD9,2018-05-09 02:00:00,,,42.0,,,
2991914,CT3,2018-05-09 02:00:00,3.0,,,,,
2991915,CT2,2018-05-09 02:00:00,14.0,,,,,
2991916,BX9,2018-05-09 02:00:00,10.9,,,,,
2991917,BX1,2018-05-09 02:00:00,,,18.7,,,
2991918,TH4,2018-05-09 02:00:00,,,,,,
2991919,ST5,2018-05-09 02:00:00,17.0,,16.6,,,
2991920,RB7,2018-05-09 02:00:00,13.0,,20.0,,,
2991921,TD5,2018-05-09 02:00:00,8.8,,,,,
2991959,CD1,2018-05-09 03:00:00,,19.3,21.2,,,
2991960,BL0,2018-05-09 03:00:00,,22.0,,,,
2991961,GR4,2018-05-09 03:00:00,9.0,23.4,18.0,,,
2991962,MY7,2018-05-09 03:00:00,15.4,26.9,,,,
2991963,HV1,2018-05-09 03:00:00,11.9,17.4,23.6,,,
2991964,GN3,2018-05-09 03:00:00,11.8,22.6,31.4,,,
2991965,GR9,2018-05-09 03:00:00,11.4,26.5,38.8,,,
2991966,LW2,2018-05-09 03:00:00,19.7,26.3,38.8,,,
2991967,GN0,2018-05-09 03:00:00,,25.9,30.7,,,
2991968,KF1,2018-05-09 03:00:00,,,,,,
2991969,CD9,2018-05-09 03:00:00,,,50.3,,,
2991970,CT3,2018-05-09 03:00:00,5.0,,,,,
2991971,CT2,2018-05-09 03:00:00,15.0,,,,,
2991972,BX9,2018-05-09 03:00:00,11.0,,,,,
2991973,BX1,2018-05-09 03:00:00,,,20.0,,,
2991974,TH4,2018-05-09 03:00:00,,,,,,
2991975,ST5,2018-05-09 03:00:00,12.0,,20.7,,,
2991976,RB7,2018-05-09 03:00:00,16.0,,26.6,,,
2991977,TD5,2018-05-09 03:00:00,7.8,,,,,
2992015,CD1,2018-05-09 04:00:00,,18.5,30.7,,,
2992016,BL0,2018-05-09 04:00:00,,,,,,
2992017,GR4,2018-05-09 04:00:00,11.9,20.6,21.5,,,
2992018,MY7,2018-05-09 04:00:00,15.9,28.4,,,,
2992019,HV1,2018-05-09 04:00:00,11.1,17.4,30.5,,,
2992020,GN3,2018-05-09 04:00:00,13.8,23.5,42.9,,,
2992021,GR9,2018-05-09 04:00:00,,,,,,
2992022,LW2,2018-05-09 04:00:00,16.0,22.6,47.4,,,
2992023,GN0,2018-05-09 04:00:00,,21.6,42.5,,,
2992024,KF1,2018-05-09 04:00:00,13.4,19.0,,,,
2992025,CD9,2018-05-09 04:00:00,,,55.9,,,
2992026,CT3,2018-05-09 04:00:00,13.0,14.2,,,,
2992027,CT2,2018-05-09 04:00:00,14.0,,,,,
2992028,BX9,2018-05-09 04:00:00,14.7,,,,,
2992029,BX1,2018-05-09 04:00:00,,26.0,27.1,,,
2992030,TH4,2018-05-09 04:00:00,,,,,,
2992031,ST5,2018-05-09 04:00:00,15.0,21.0,24.3,,,
2992032,RB7,2018-05-09 04:00:00,16.0,,31.0,,,
2992033,TD5,2018-05-09 04:00:00,6.6,,,,,
2992071,CD1,2018-05-09 05:00:00,,25.6,44.4,,,
2992072,BL0,2018-05-09 05:00:00,,18.7,,,,
2992073,GR4,2018-05-09 05:00:00,10.8,27.5,27.5,,,
2992074,MY7,2018-05-09 05:00:00,20.5,37.2,,,,
2992075,HV1,2018-05-09 05:00:00,12.3,25.8,41.1,,,
2992076,GN3,2018-05-09 05:00:00,17.2,25.0,44.6,,,
2992077,GR9,2018-05-09 05:00:00,14.5,30.8,48.2,,,
2992078,LW2,2018-05-09 05:00:00,10.2,26.2,41.5,,,
2992079,GN0,2018-05-09 05:00:00,,25.4,41.2,,,
2992080,KF1,2018-05-09 05:00:00,,,,,,
2992081,CD9,2018-05-09 05:00:00,,,71.0,,,
2992082,CT3,2018-05-09 05:00:00,9.0,19.2,,,,
2992083,CT2,2018-05-09 05:00:00,20.0,,,,,
2992084,BX9,2018-05-09 05:00:00,15.5,,,,,
2992085,BX1,2018-05-09 05:00:00,,26.1,33.8,,,
2992086,TH4,2018-05-09 05:00:00,,,,,,
2992087,ST5,2018-05-09 05:00:00,19.0,47.0,35.6,,,
2992088,RB7,2018-05-09 05:00:00,18.0,,40.8,,,
2992089,TD5,2018-05-09 05:00:00,9.5,,,,,
2992127,CD1,2018-05-09 06:00:00,,33.1,65.0,,,
2992128,BL0,2018-05-09 06:00:00,,,,,,
2992129,GR4,2018-05-09 06:00:00,16.6,24.4,34.4,,,
2992130,MY7,2018-05-09 06:00:00,20.3,35.7,,,,
2992131,HV1,2018-05-09 06:00:00,7.5,14.9,30.0,,,
2992132,GN3,2018-05-09 06:00:00,14.6,25.9,49.7,,,
2992133,GR9,2018-05-09 06:00:00,13.7,25.8,37.5,,,
2992134,LW2,2018-05-09 06:00:00,20.2,29.3,42.4,,,
2992135,GN0,2018-05-09 06:00:00,,26.6,44.9,,,
2992136,KF1,2018-05-09 06:00:00,,,,,,
2992137,CD9,2018-05-09 06:00:00,,,75.3,,,
2992138,CT3,2018-05-09 06:00:00,15.0,25.4,,,,
2992139,CT2,2018-05-09 06:00:00,18.0,,,,,
2992140,BX9,2018-05-09 06:00:00,14.5,,,,,
2992141,BX1,2018-05-09 06:00:00,,24.1,29.5,,,
2992142,TH4,2018-05-09 06:00:00,,,,,,
2992143,ST5,2018-05-09 06:00:00,16.0,38.0,58.5,,,
2992144,RB7,2018-05-09 06:00:00,24.0,,43.8,,,
2992145,TD5,2018-05-09 06:00:00,13.8,,,,,
2992183,CD1,2018-05-09 07:00:00,24.0,34.3,68.2,,,
2992184,BL0,2018-05-09 07:00:00,,27.4,,,,
2992185,GR4,2018-05-09 07:00:00,,22.6,,,,
2992186,MY7,2018-05-09 07:00:00,17.5,30.2,,,,
2992187,HV1,2018-05-09 07:00:00,11.0,19.1,36.7,,,
2992188,GN3,2018-05-09 07:00:00,15.9,25.5,50.7,,,
2992189,GR9,2018-05-09 07:00:00,13.5,25.6,33.2,,,
2992190,LW2,2018-05-09 07:00:00,20.2,25.9,64.7,,,
2992191,GN0,2018-05-09 07:00:00,,21.2,58.7,,,
2992192,KF1,2018-05-09 07:00:00,,,,,,
2992193,CD9,2018-05-09 07:00:00,,,88.2,,,
2992194,CT3,2018-05-09 07:00:00,22.0,36.4,,,,
2992195,CT2,2018-05-09 07:00:00,25.0,,,,,
2992196,BX9,2018-05-09 07:00:00,15.5,,,,,
2992197,BX1,2018-05-09 07:00:00,,19.5,28.1,,,
2992198,TH4,2018-05-09 07:00:00,,,,,,
2992199,ST5,2018-05-09 07:00:00,15.0,33.0,43.3,,,
2992200,RB7,2018-05-09 07:00:00,20.0,,44.3,,,
2992201,TD5,2018-05-09 07:00:00,,,,,,
2992239,CD1,2018-05-09 08:00:00,17.9,26.1,57.1,,,
2992240,BL0,2018-05-09 08:00:00,,,,,,
2992241,GR4,2018-05-09 08:00:00,9.2,18.5,23.8,,,
2992242,MY7,2018-05-09 08:00:00,,,,,,
2992243,HV1,2018-05-09 08:00:00,12.7,22.6,35.5,,,
2992244,GN3,2018-05-09 08:00:00,15.4,25.1,37.0,,,
2992245,GR9,2018-05-09 08:00:00,10.4,19.7,31.0,,,
2992246,LW2,2018-05-09 08:00:00,9.8,23.5,57.8,,,
2992247,GN0,2018-05-09 08:00:00,,27.0,58.0,,,
2992248,KF1,2018-05-09 08:00:00,,,,,,
2992249,CD9,2018-05-09 08:00:00,,,112.4,,,
2992250,CT3,2018-05-09 08:00:00,,32.6,,,,
2992251,CT2,2018-05-09 08:00:00,24.0,,,,,
2992252,BX9,2018-05-09 08:00:00,12.8,,,,,
2992253,BX1,2018-05-09 08:00:00,,13.2,22.9,,,
2992254,TH4,2018-05-09 08:00:00,12.4,31.3,68.3,,,
2992255,ST5,2018-05-09 08:00:00,10.0,27.0,44.7,,,
2992256,RB7,2018-05-09 08:00:00,14.0,,27.0,,,
2992257,TD5,2018-05-09 08:00:00,17.4,,,,,
2992295,CD1,2018-05-09 09:00:00,15.1,18.1,45.1,,,
2992296,BL0,2018-05-09 09:00:00,,14.4,,,,
2992297,GR4,2018-05-09 09:00:00,6.5,11.9,13.2,,,
2992298,MY7,2018-05-09 09:00:00,,,,,,
2992299,HV1,2018-05-09 09:00:00,8.7,16.5,36.6,,,
2992300,GN3,2018-05-09 09:00:00,8.7,15.1,27.8,,,
2992301,GR9,2018-05-09 09:00:00,7.7,14.7,27.5,,,
2992302,LW2,2018-05-09 09:00:00,9.7,14.3,59.7,,,
2992303,GN0,2018-05-09 09:00:00,,12.4,27.7,,,
2992304,KF1,2018-05-09 09:00:00,,,,,,
2992305,CD9,2018-05-09 09:00:00,,,134.0,,,
2992306,CT3,2018-05-09 09:00:00,31.0,23.4,,,,
2992307,CT2,2018-05-09 09:00:00,11.0,,,,,
2992308,BX9,2018-05-09 09:00:00,10.1,,,,,
2992309,BX1,2018-05-09 09:00:00,,8.7,6.0,,,
2992310,TH4,2018-05-09 09:00:00,11.3,30.9,61.8,,,
2992311,ST5,2018-05-09 09:00:00,7.0,26.0,32.6,,,
2992312,RB7,2018-05-09 09:00:00,18.0,,37.5,,,
2992313,TD5,2018-05-09 09:00:00,10.7,,,,,
2992351,CD1,2018-05-09 10:00:00,11.6,15.8,38.5,,,
2992352,BL0,2018-05-09 10:00:00,,15.5,24.9,,,
2992353,GR4,2018-05-09 10:00:00,10.1,12.9,11.6,,,
2992354,MY7,2018-05-09 10:00:00,0.0,0.0,,,,
2992355,HV1,2018-05-09 10:00:00,2.2,11.1,26.6,,,
2992356,GN3,2018-05-09 10:00:00,9.1,16.2,28.9,,,
2992357,GR9,2018-05-09 10:00:00,6.9,14.9,16.3,,,
2992358,LW2,2018-05-09 10:00:00,10.9,15.6,42.0,,,
2992359,GN0,2018-05-09 10:00:00,,11.2,20.8,,,
2992360,KF1,2018-05-09 10:00:00,,,,,,
2992361,CD9,2018-05-09 10:00:00,,,129.7,,,
2992362,CT3,2018-05-09 10:00:00,35.0,27.0,,,,
2992363,CT2,2018-05-09 10:00:00,13.0,,,,,
2992364,BX9,2018-05-09 10:00:00,7.2,,,,,
2992365,BX1,2018-05-09 10:00:00,,17.5,3.7,,,
2992366,TH4,2018-05-09 10:00:00,12.0,27.3,47.5,,,
2992367,ST5,2018-05-09 10:00:00,6.0,25.0,28.3,,,
2992368,RB7,2018-05-09 10:00:00,15.0,,22.1,,,
2992369,TD5,2018-05-09 10:00:00,,,,,,
2992407,CD1,2018-05-09 11:00:00,10.9,18.3,38.9,,,
2992408,BL0,2018-05-09 11:00:00,,,,,,
2992409,GR4,2018-05-09 11:00:00,9.4,7.9,8.5,,,
2992410,MY7,2018-05-09 11:00:00,14.4,19.4,,,,
2992411,HV1,2018-05-09 11:00:00,7.2,17.6,31.5,,,
2992412,GN3,2018-05-09 11:00:00,8.3,13.5,21.2,,,
2992413,GR9,2018-05-09 11:00:00,5.8,14.8,20.0,,,
2992414,LW2,2018-05-09 11:00:00,10.8,18.9,54.2,,,
2992415,GN0,2018-05-09 11:00:00,,14.3,23.0,,,
2992416,KF1,2018-05-09 11:00:00,,,,,,
2992417,CD9,2018-05-09 11:00:00,,,116.8,,,
2992418,CT3,2018-05-09 11:00:00,20.0,26.2,,,,
2992419,CT2,2018-05-09 11:00:00,16.0,,,,,
2992420,BX9,2018-05-09 11:00:00,9.6,,,,,
2992421,BX1,2018-05-09 11:00:00,,13.9,3.8,,,
2992422,TH4,2018-05-09 11:00:00,12.0,27.6,54.7,,,
2992423,ST5,2018-05-09 11:00:00,,32.0,27.3,,,
2992424,RB7,2018-05-09 11:00:00,12.0,,19.5,,,
2992425,TD5,2018-05-09 11:00:00,10.4,,,,,
2992463,CD1,2018-05-09 12:00:00,11.6,17.1,41.0,,,
2992464,BL0,2018-05-09 12:00:00,,,,,,
2992465,GR4,2018-05-09 12:00:00,10.9,8.0,9.0,,,
2992466,MY7,2018-05-09 12:00:00,21.1,25.2,,,,
2992467,HV1,2018-05-09 12:00:00,10.9,23.7,25.9,,,
2992468,GN3,2018-05-09 12:00:00,9.6,15.3,20.1,,,
2992469,GR9,2018-05-09 12:00:00,8.6,18.2,27.3,,,
2992470,LW2,2018-05-09 12:00:00,11.7,15.3,56.0,,,
2992471,GN0,2018-05-09 12:00:00,,11.9,23.9,,,
2992472,KF1,2018-05-09 12:00:00,,,,,,
2992473,CD9,2018-05-09 12:00:00,,,118.6,,,
2992474,CT3,2018-05-09 12:00:00,13.0,30.4,,,,
2992475,CT2,2018-05-09 12:00:00,15.0,,,,,
2992476,BX9,2018-05-09 12:00:00,9.4,,,,,
2992477,BX1,2018-05-09 12:00:00,,12.8,2.4,,,
2992478,TH4,2018-05-09 12:00:00,14.8,29.6,55.1,,,
2992479,ST5,2018-05-09 12:00:00,8.0,32.0,24.0,,,
2992480,RB7,2018-05-09 12:00:00,15.0,,18.2,,,
2992481,TD5,2018-05-09 12:00:00,7.6,,,,,
2992519,CD1,2018-05-09 13:00:00,10.0,18.2,34.7,,,
2992520,BL0,2018-05-09 13:00:00,,16.4,,,,
2992521,GR4,2018-05-09 13:00:00,12.6,18.9,9.0,,,
2992522,MY7,2018-05-09 13:00:00,15.9,23.1,,,,
2992523,HV1,2018-05-09 13:00:00,9.2,18.9,34.1,,,
2992524,GN3,2018-05-09 13:00:00,11.2,16.8,17.9,,,
2992525,GR9,2018-05-09 13:00:00,7.1,14.1,29.7,,,
2992526,LW2,2018-05-09 13:00:00,14.8,17.8,52.4,,,
2992527,GN0,2018-05-09 13:00:00,,12.9,19.4,,,
2992528,KF1,2018-05-09 13:00:00,,,,,,
2992529,CD9,2018-05-09 13:00:00,,,110.1,,,
2992530,CT3,2018-05-09 13:00:00,10.0,22.8,,,,
2992531,CT2,2018-05-09 13:00:00,12.0,,,,,
2992532,BX9,2018-05-09 13:00:00,10.0,,,,,
2992533,BX1,2018-05-09 13:00:00,,18.6,4.5,,,
2992534,TH4,2018-05-09 13:00:00,11.5,28.0,51.2,,,
2992535,ST5,2018-05-09 13:00:00,6.0,26.0,34.5,,,
2992536,RB7,2018-05-09 13:00:00,14.0,,26.3,,,
2992537,TD5,2018-05-09 13:00:00,,,,,,
2992575,CD1,2018-05-09 14:00:00,11.7,13.2,46.3,,,
2992576,BL0,2018-05-09 14:00:00,,12.5,,,,
2992577,GR4,2018-05-09 14:00:00,6.7,18.3,8.7,,,
2992578,MY7,2018-05-09 14:00:00,18.5,30.5,,,,
2992579,HV1,2018-05-09 14:00:00,8.2,15.2,35.1,,,
2992580,GN3,2018-05-09 14:00:00,10.0,13.4,21.2,,,
2992581,GR9,2018-05-09 14:00:00,5.8,15.2,43.6,,,
2992582,LW2,2018-05-09 14:00:00,8.7,21.1,37.9,,,
2992583,GN0,2018-05-09 14:00:00,,11.4,19.3,,,
2992584,KF1,2018-05-09 14:00:00,,,,,,
2992585,CD9,2018-05-09 14:00:00,,,100.9,,,
2992586,CT3,2018-05-09 14:00:00,10.0,23.6,,,,
2992587,CT2,2018-05-09 14:00:00,9.0,,,,,
2992588,BX9,2018-05-09 14:00:00,8.4,,,,,
2992589,BX1,2018-05-09 14:00:00,,16.3,4.2,,,
2992590,TH4,2018-05-09 14:00:00,15.3,30.6,71.9,,,
2992591,ST5,2018-05-09 14:00:00,8.0,27.0,32.2,,,
2992592,RB7,2018-05-09 14:00:00,13.0,,33.0,,,
2992593,TD5,2018-05-09 14:00:00,,,,,,
2992631,CD1,2018-05-09 15:00:00,9.8,15.0,50.9,,,
2992632,BL0,2018-05-09 15:00:00,,12.4,,,,
2992633,GR4,2018-05-09 15:00:00,11.5,14.9,10.8,,,
2992634,MY7,2018-05-09 15:00:00,16.9,35.0,,,,
2992635,HV1,2018-05-09 15:00:00,11.1,22.8,36.3,,,
2992636,GN3,2018-05-09 15:00:00,10.4,16.2,23.9,,,
2992637,GR9,2018-05-09 15:00:00,11.9,16.4,43.3,,,
2992638,LW2,2018-05-09 15:00:00,14.7,20.0,46.5,,,
2992639,GN0,2018-05-09 15:00:00,,14.6,19.0,,,
2992640,KF1,2018-05-09 15:00:00,,,,,,
2992641,CD9,2018-05-09 15:00:00,,,129.3,,,
2992642,CT3,2018-05-09 15:00:00,6.0,21.8,,,,
2992643,CT2,2018-05-09 15:00:00,10.0,,,,,
2992644,BX9,2018-05-09 15:00:00,8.6,,,,,
2992645,BX1,2018-05-09 15:00:00,,15.9,1.7,,,
2992646,TH4,2018-05-09 15:00:00,12.6,24.4,73.7,,,
2992647,ST5,2018-05-09 15:00:00,9.0,36.0,35.6,,,
2992648,RB7,2018-05-09 15:00:00,12.0,,23.4,,,
2992649,TD5,2018-05-09 15:00:00,7.4,,,,,
2992651,CD1,2018-05-09 16:00:00,9.1,14.8,47.9,,,
2992652,BL0,2018-05-09 16:00:00,,18.9,,,,
2992653,GR4,2018-05-09 16:00:00,6.6,19.3,12.6,,,
2992654,MY7,2018-05-09 16:00:00,18.9,33.5,,,,
2992655,HV1,2018-05-09 16:00:00,10.1,17.6,37.9,,,
2992656,GN3,2018-05-09 16:00:00,10.4,16.6,22.3,,,
2992657,GR9,2018-05-09 16:00:00,11.4,21.1,38.1,,,
2992658,LW2,2018-05-09 16:00:00,15.7,17.6,28.0,,,
2992659,GN0,2018-05-09 16:00:00,,16.9,20.3,,,
2992660,KF1,2018-05-09 16:00:00,,,,,,
2992661,CD9,2018-05-09 16:00:00,,,,,,
2992662,CT3,2018-05-09 16:00:00,-1.0,15.2,,,,
2992663,CT2,2018-05-09 16:00:00,9.0,,,,,
2992664,BX9,2018-05-09 16:00:00,10.0,,,,,
2992665,BX1,2018-05-09 16:00:00,,23.8,5.7,,,
2992666,TH4,2018-05-09 16:00:00,13.8,26.9,74.9,,,
2992667,ST5,2018-05-09 16:00:00,,45.0,45.6,,,
2992668,RB7,2018-05-09 16:00:00,14.0,,22.0,,,
2992669,TD5,2018-05-09 16:00:00,6.1,,,,,
2992742,CD1,2018-05-09 17:00:00,12.6,14.6,33.4,,,
2992743,BL0,2018-05-09 17:00:00,,18.4,,,,
2992744,GR4,2018-05-09 17:00:00,8.4,15.9,11.3,,,
2992745,MY7,2018-05-09 17:00:00,20.2,40.6,,,,
2992746,HV1,2018-05-09 17:00:00,12.1,22.1,30.2,,,
2992747,GN3,2018-05-09 17:00:00,6.2,12.7,29.4,,,
2992748,GR9,2018-05-09 17:00:00,8.5,18.5,33.8,,,
2992749,LW2,2018-05-09 17:00:00,12.9,19.5,33.8,,,
2992750,GN0,2018-05-09 17:00:00,,16.1,19.2,,,
2992751,KF1,2018-05-09 17:00:00,,,,,,
2992752,CD9,2018-05-09 17:00:00,,,,,,
2992753,CT3,2018-05-09 17:00:00,-3.0,23.4,,,,
2992754,CT2,2018-05-09 17:00:00,14.0,,,,,
2992755,BX9,2018-05-09 17:00:00,10.0,,,,,
2992756,BX1,2018-05-09 17:00:00,,18.2,7.7,,,
2992757,TH4,2018-05-09 17:00:00,12.0,,54.1,,,
2992758,ST5,2018-05-09 17:00:00,14.0,29.0,25.9,,,
2992759,RB7,2018-05-09 17:00:00,13.0,,21.3,,,
2992760,TD5,2018-05-09 17:00:00,8.3,,,,,
2992798,CD1,2018-05-09 18:00:00,10.2,22.6,31.3,,,
2992799,BL0,2018-05-09 18:00:00,,16.5,,,,
2992800,GR4,2018-05-09 18:00:00,10.9,17.9,16.2,,,
2992801,MY7,2018-05-09 18:00:00,18.5,33.5,,,,
2992802,HV1,2018-05-09 18:00:00,8.4,23.0,29.0,,,
2992803,GN3,2018-05-09 18:00:00,8.8,17.3,30.5,,,
2992804,GR9,2018-05-09 18:00:00,7.7,17.8,18.2,,,
2992805,LW2,2018-05-09 18:00:00,13.9,22.0,65.9,,,
2992806,GN0,2018-05-09 18:00:00,,15.8,23.1,,,
2992807,KF1,2018-05-09 18:00:00,,,,,,
2992808,CD9,2018-05-09 18:00:00,,,96.4,,,
2992809,CT3,2018-05-09 18:00:00,-2.0,21.4,,,,
2992810,CT2,2018-05-09 18:00:00,10.0,,,,,
2992811,BX9,2018-05-09 18:00:00,8.4,,,,,
2992812,BX1,2018-05-09 18:00:00,,19.8,6.6,,,
2992813,TH4,2018-05-09 18:00:00,10.6,26.3,35.7,,,
2992814,ST5,2018-05-09 18:00:00,13.0,26.0,22.4,,,
2992815,RB7,2018-05-09 18:00:00,14.0,,26.5,,,
2992816,TD5,2018-05-09 18:00:00,5.6,,,,,
2992854,CD1,2018-05-09 19:00:00,10.3,13.5,28.5,,,
2992855,BL0,2018-05-09 19:00:00,,,,,,
2992856,GR4,2018-05-09 19:00:00,8.1,15.4,15.1,,,
2992857,MY7,2018-05-09 19:00:00,17.2,26.0,,,,
2992858,HV1,2018-05-09 19:00:00,7.5,18.4,35.9,,,
2992859,GN3,2018-05-09 19:00:00,9.0,16.4,28.2,,,
2992860,GR9,2018-05-09 19:00:00,6.5,12.6,13.0,,,
2992861,LW2,2018-05-09 19:00:00,16.6,20.0,58.2,,,
2992862,GN0,2018-05-09 19:00:00,,11.3,24.7,,,
2992863,KF1,2018-05-09 19:00:00,,,,,,
2992864,CD9,2018-05-09 19:00:00,,,84.4,,,
2992865,CT3,2018-05-09 19:00:00,-3.0,15.4,,,,
2992866,CT2,2018-05-09 19:00:00,12.0,,,,,
2992867,BX9,2018-05-09 19:00:00,10.2,,,,,
2992868,BX1,2018-05-09 19:00:00,,15.5,6.1,,,
2992869,TH4,2018-05-09 19:00:00,10.0,21.6,41.2,,,
2992870,ST5,2018-05-09 19:00:00,8.0,18.0,19.2,,,
2992871,RB7,2018-05-09 19:00:00,12.0,,23.2,,,
2992872,TD5,2018-05-09 19:00:00,6.2,,,,,
2992910,CD1,2018-05-09 20:00:00,10.8,13.4,23.6,,,
2992911,BL0,2018-05-09 20:00:00,,,,,,
2992912,GR4,2018-05-09 20:00:00,6.8,9.8,15.3,,,
2992913,MY7,2018-05-09 20:00:00,15.5,22.8,,,,
2992914,HV1,2018-05-09 20:00:00,6.9,15.3,34.2,,,
2992915,GN3,2018-05-09 20:00:00,7.8,15.3,28.3,,,
2992916,GR9,2018-05-09 20:00:00,4.9,13.0,15.5,,,
2992917,LW2,2018-05-09 20:00:00,14.6,18.8,58.2,,,
2992918,GN0,2018-05-09 20:00:00,,10.7,22.5,,,
2992919,KF1,2018-05-09 20:00:00,,,,,,
2992920,CD9,2018-05-09 20:00:00,,,78.4,,,
2992921,CT3,2018-05-09 20:00:00,-3.0,11.4,,,,
2992922,CT2,2018-05-09 20:00:00,18.0,,,,,
2992923,BX9,2018-05-09 20:00:00,8.4,,,,,
2992924,BX1,2018-05-09 20:00:00,,14.8,9.1,,,
2992925,TH4,2018-05-09 20:00:00,10.5,20.5,40.7,,,
2992926,ST5,2018-05-09 20:00:00,10.0,21.0,17.0,,,
2992927,RB7,2018-05-09 20:00:00,12.0,,24.8,,,
2992928,TD5,2018-05-09 20:00:00,,,,,,
