id,station_id,time,PM25_Concentration,PM10_Concentration,NO2_Concentration,CO_Concentration,O3_Concentration,SO2_Concentration
2991008,dongsi_aq,2018-05-08 10:00:00,39.0,88.0,20.0,0.4,170.0,3.0
2991009,tiantan_aq,2018-05-08 10:00:00,24.0,74.0,14.0,0.5,148.0,4.0
2991010,guanyuan_aq,2018-05-08 10:00:00,33.0,83.0,20.0,0.4,164.0,3.0
2991011,wanshouxigong_aq,2018-05-08 10:00:00,37.0,104.0,20.0,0.5,156.0,3.0
2991012,aotizhongxin_aq,2018-05-08 10:00:00,39.0,78.0,19.0,0.3,175.0,4.0
2991013,nongzhanguan_aq,2018-05-08 10:00:00,33.0,113.0,22.0,0.5,159.0,5.0
2991014,wanliu_aq,2018-05-08 10:00:00,26.0,102.0,26.0,0.5,162.0,4.0
2991015,beibuxinqu_aq,2018-05-08 10:00:00,22.0,,,0.4,148.0,4.0
2991016,zhiwuyuan_aq,2018-05-08 10:00:00,,,,,,
2991017,fengtaihuayuan_aq,2018-05-08 10:00:00,32.0,87.0,18.0,0.5,166.0,3.0
2991018,yungang_aq,2018-05-08 10:00:00,7.0,69.0,16.0,0.4,183.0,3.0
2991019,gucheng_aq,2018-05-08 10:00:00,34.0,72.0,20.0,0.5,158.0,3.0
2991020,fangshan_aq,2018-05-08 10:00:00,21.0,110.0,17.0,0.4,190.0,4.0
2991021,daxing_aq,2018-05-08 10:00:00,25.0,97.0,19.0,0.6,165.0,4.0
2991022,yizhuang_aq,2018-05-08 10:00:00,43.0,76.0,24.0,0.6,183.0,7.0
2991023,tongzhou_aq,2018-05-08 10:00:00,41.0,117.0,18.0,0.5,194.0,6.0
2991024,shunyi_aq,2018-05-08 10:00:00,32.0,106.0,26.0,0.6,183.0,8.0
2991025,pingchang_aq,2018-05-08 10:00:00,24.0,140.0,15.0,0.4,162.0,2.0
2991026,mentougou_aq,2018-05-08 10:00:00,30.0,98.0,29.0,0.4,170.0,6.0
2991027,pinggu_aq,2018-05-08 10:00:00,38.0,92.0,17.0,0.8,185.0,
2991028,huairou_aq,2018-05-08 10:00:00,28.0,118.0,22.0,0.5,152.0,3.0
2991029,miyun_aq,2018-05-08 10:00:00,37.0,101.0,44.0,0.7,165.0,8.0
2991030,yanqin_aq,2018-05-08 10:00:00,37.0,107.0,25.0,0.4,160.0,3.0
2991031,dingling_aq,2018-05-08 10:00:00,19.0,46.0,18.0,0.5,165.0,8.0
2991032,badaling_aq,2018-05-08 10:00:00,53.0,148.0,22.0,0.4,153.0,3.0
2991033,miyunshuiku_aq,2018-05-08 10:00:00,36.0,106.0,15.0,0.6,189.0,7.0
2991034,donggaocun_aq,2018-05-08 10:00:00,34.0,68.0,15.0,0.6,170.0,12.0
2991035,yongledian_aq,2018-05-08 10:00:00,45.0,129.0,46.0,0.9,134.0,12.0
2991036,yufa_aq,2018-05-08 10:00:00,26.0,93.0,13.0,0.5,164.0,5.0
2991037,liulihe_aq,2018-05-08 10:00:00,36.0,107.0,13.0,0.4,179.0,
2991038,qianmen_aq,2018-05-08 10:00:00,35.0,96.0,33.0,0.5,158.0,5.0
2991039,yongdingmennei_aq,2018-05-08 10:00:00,34.0,96.0,35.0,0.6,144.0,6.0
2991040,xizhimenbei_aq,2018-05-08 10:00:00,31.0,81.0,61.0,0.6,120.0,6.0
2991041,nansanhuan_aq,2018-05-08 10:00:00,34.0,103.0,79.0,0.7,114.0,4.0
2991042,dongsihuan_aq,2018-05-08 10:00:00,30.0,101.0,46.0,0.6,147.0,6.0
2991064,dongsi_aq,2018-05-08 11:00:00,40.0,78.0,23.0,0.4,162.0,3.0
2991065,tiantan_aq,2018-05-08 11:00:00,28.0,72.0,19.0,0.5,137.0,4.0
2991066,guanyuan_aq,2018-05-08 11:00:00,31.0,88.0,23.0,0.4,164.0,3.0
2991067,wanshouxigong_aq,2018-05-08 11:00:00,36.0,80.0,23.0,0.6,152.0,4.0
2991068,aotizhongxin_aq,2018-05-08 11:00:00,34.0,76.0,23.0,0.3,164.0,4.0
2991069,nongzhanguan_aq,2018-05-08 11:00:00,34.0,97.0,26.0,0.5,155.0,5.0
2991070,wanliu_aq,2018-05-08 11:00:00,31.0,85.0,33.0,0.6,156.0,4.0
2991071,beibuxinqu_aq,2018-05-08 11:00:00,23.0,,,0.4,145.0,4.0
2991072,zhiwuyuan_aq,2018-05-08 11:00:00,,,,,,
2991073,fengtaihuayuan_aq,2018-05-08 11:00:00,45.0,102.0,29.0,0.5,159.0,3.0
2991074,yungang_aq,2018-05-08 11:00:00,3.0,73.0,21.0,0.5,175.0,4.0
2991075,gucheng_aq,2018-05-08 11:00:00,34.0,81.0,25.0,0.5,155.0,4.0
2991076,fangshan_aq,2018-05-08 11:00:00,28.0,120.0,22.0,0.5,183.0,4.0
2991077,daxing_aq,2018-05-08 11:00:00,27.0,92.0,20.0,0.6,161.0,5.0
2991078,yizhuang_aq,2018-05-08 11:00:00,39.0,88.0,28.0,0.6,173.0,6.0
2991079,tongzhou_aq,2018-05-08 11:00:00,,127.0,34.0,0.7,143.0,8.0
2991080,shunyi_aq,2018-05-08 11:00:00,33.0,110.0,38.0,0.7,173.0,10.0
2991081,pingchang_aq,2018-05-08 11:00:00,22.0,96.0,20.0,0.4,153.0,3.0
2991082,mentougou_aq,2018-05-08 11:00:00,34.0,94.0,42.0,0.5,157.0,8.0
2991083,pinggu_aq,2018-05-08 11:00:00,40.0,116.0,21.0,0.8,176.0,
2991084,huairou_aq,2018-05-08 11:00:00,28.0,122.0,28.0,0.6,147.0,4.0
2991085,miyun_aq,2018-05-08 11:00:00,43.0,98.0,33.0,0.8,175.0,9.0
2991086,yanqin_aq,2018-05-08 11:00:00,34.0,103.0,26.0,0.4,155.0,3.0
2991087,dingling_aq,2018-05-08 11:00:00,12.0,60.0,19.0,0.5,150.0,8.0
2991088,badaling_aq,2018-05-08 11:00:00,41.0,150.0,33.0,0.4,140.0,3.0
2991089,miyunshuiku_aq,2018-05-08 11:00:00,40.0,81.0,14.0,0.6,187.0,8.0
2991090,donggaocun_aq,2018-05-08 11:00:00,37.0,69.0,17.0,0.7,140.0,11.0
2991091,yongledian_aq,2018-05-08 11:00:00,56.0,92.0,37.0,0.6,175.0,10.0
2991092,yufa_aq,2018-05-08 11:00:00,25.0,100.0,16.0,0.5,142.0,5.0
2991093,liulihe_aq,2018-05-08 11:00:00,27.0,107.0,15.0,0.5,176.0,
2991094,qianmen_aq,2018-05-08 11:00:00,36.0,91.0,39.0,0.6,145.0,4.0
2991095,yongdingmennei_aq,2018-05-08 11:00:00,20.0,81.0,35.0,0.5,139.0,6.0
2991096,xizhimenbei_aq,2018-05-08 11:00:00,33.0,129.0,97.0,0.7,89.0,7.0
2991097,nansanhuan_aq,2018-05-08 11:00:00,34.0,117.0,91.0,0.7,100.0,4.0
2991098,dongsihuan_aq,2018-05-08 11:00:00,32.0,92.0,44.0,0.6,149.0,6.0
2991120,dongsi_aq,2018-05-08 12:00:00,40.0,78.0,27.0,0.5,153.0,4.0
2991121,tiantan_aq,2018-05-08 12:00:00,72.0,73.0,25.0,0.6,123.0,4.0
2991122,guanyuan_aq,2018-05-08 12:00:00,29.0,107.0,29.0,0.5,159.0,4.0
2991123,wanshouxigong_aq,2018-05-08 12:00:00,51.0,136.0,30.0,0.6,132.0,4.0
2991124,aotizhongxin_aq,2018-05-08 12:00:00,32.0,77.0,28.0,0.4,158.0,5.0
2991125,nongzhanguan_aq,2018-05-08 12:00:00,37.0,90.0,34.0,0.6,129.0,6.0
2991126,wanliu_aq,2018-05-08 12:00:00,31.0,111.0,40.0,0.7,145.0,5.0
2991127,beibuxinqu_aq,2018-05-08 12:00:00,27.0,,,0.5,136.0,5.0
2991128,zhiwuyuan_aq,2018-05-08 12:00:00,,,,,,
2991129,fengtaihuayuan_aq,2018-05-08 12:00:00,62.0,116.0,47.0,0.6,134.0,4.0
2991130,yungang_aq,2018-05-08 12:00:00,27.0,78.0,27.0,0.6,160.0,4.0
2991131,gucheng_aq,2018-05-08 12:00:00,36.0,89.0,34.0,0.6,143.0,4.0
2991132,fangshan_aq,2018-05-08 12:00:00,31.0,135.0,52.0,0.6,144.0,4.0
2991133,daxing_aq,2018-05-08 12:00:00,27.0,113.0,28.0,0.6,136.0,6.0
2991134,yizhuang_aq,2018-05-08 12:00:00,35.0,73.0,36.0,0.7,123.0,6.0
2991135,tongzhou_aq,2018-05-08 12:00:00,38.0,154.0,47.0,0.8,109.0,8.0
2991136,shunyi_aq,2018-05-08 12:00:00,40.0,135.0,51.0,0.9,127.0,13.0
2991137,pingchang_aq,2018-05-08 12:00:00,24.0,99.0,23.0,0.5,142.0,3.0
2991138,mentougou_aq,2018-05-08 12:00:00,34.0,108.0,44.0,0.6,156.0,8.0
2991139,pinggu_aq,2018-05-08 12:00:00,40.0,78.0,29.0,0.9,138.0,
2991140,huairou_aq,2018-05-08 12:00:00,37.0,129.0,32.0,0.8,136.0,6.0
2991141,miyun_aq,2018-05-08 12:00:00,47.0,96.0,40.0,0.8,156.0,8.0
2991142,yanqin_aq,2018-05-08 12:00:00,33.0,96.0,24.0,0.4,150.0,3.0
2991143,dingling_aq,2018-05-08 12:00:00,18.0,65.0,19.0,0.5,116.0,6.0
2991144,badaling_aq,2018-05-08 12:00:00,38.0,110.0,38.0,0.3,134.0,2.0
2991145,miyunshuiku_aq,2018-05-08 12:00:00,39.0,97.0,17.0,0.7,174.0,7.0
2991146,donggaocun_aq,2018-05-08 12:00:00,38.0,76.0,26.0,0.8,112.0,11.0
2991147,yongledian_aq,2018-05-08 12:00:00,50.0,119.0,42.0,0.6,139.0,8.0
2991148,yufa_aq,2018-05-08 12:00:00,27.0,93.0,20.0,0.4,120.0,6.0
2991149,liulihe_aq,2018-05-08 12:00:00,28.0,122.0,20.0,0.6,159.0,
2991150,qianmen_aq,2018-05-08 12:00:00,38.0,97.0,44.0,0.6,134.0,5.0
2991151,yongdingmennei_aq,2018-05-08 12:00:00,30.0,73.0,51.0,0.5,115.0,6.0
2991152,xizhimenbei_aq,2018-05-08 12:00:00,35.0,120.0,93.0,0.8,95.0,7.0
2991153,nansanhuan_aq,2018-05-08 12:00:00,35.0,115.0,93.0,0.7,86.0,4.0
2991154,dongsihuan_aq,2018-05-08 12:00:00,33.0,90.0,73.0,0.8,98.0,8.0
2991176,dongsi_aq,2018-05-08 13:00:00,33.0,43.0,32.0,0.5,111.0,5.0
2991177,tiantan_aq,2018-05-08 13:00:00,39.0,77.0,29.0,0.6,99.0,6.0
2991178,guanyuan_aq,2018-05-08 13:00:00,30.0,67.0,33.0,0.5,122.0,5.0
2991179,wanshouxigong_aq,2018-05-08 13:00:00,55.0,,32.0,0.6,103.0,5.0
2991180,aotizhongxin_aq,2018-05-08 13:00:00,37.0,61.0,31.0,0.4,127.0,6.0
2991181,nongzhanguan_aq,2018-05-08 13:00:00,28.0,67.0,36.0,0.6,99.0,7.0
2991182,wanliu_aq,2018-05-08 13:00:00,34.0,82.0,60.0,0.7,112.0,6.0
2991183,beibuxinqu_aq,2018-05-08 13:00:00,30.0,,,0.6,131.0,6.0
2991184,zhiwuyuan_aq,2018-05-08 13:00:00,,,,,,
2991185,fengtaihuayuan_aq,2018-05-08 13:00:00,50.0,64.0,33.0,0.5,120.0,5.0
2991186,yungang_aq,2018-05-08 13:00:00,24.0,79.0,36.0,0.6,122.0,3.0
2991187,gucheng_aq,2018-05-08 13:00:00,39.0,66.0,39.0,0.6,119.0,4.0
2991188,fangshan_aq,2018-05-08 13:00:00,34.0,166.0,36.0,0.5,125.0,4.0
2991189,daxing_aq,2018-05-08 13:00:00,25.0,139.0,35.0,0.6,108.0,6.0
2991190,yizhuang_aq,2018-05-08 13:00:00,32.0,80.0,43.0,0.8,107.0,6.0
2991191,tongzhou_aq,2018-05-08 13:00:00,38.0,148.0,55.0,0.7,97.0,7.0
2991192,shunyi_aq,2018-05-08 13:00:00,38.0,140.0,47.0,0.9,115.0,12.0
2991193,pingchang_aq,2018-05-08 13:00:00,28.0,101.0,31.0,,117.0,
2991194,mentougou_aq,2018-05-08 13:00:00,38.0,97.0,47.0,0.6,141.0,7.0
2991195,pinggu_aq,2018-05-08 13:00:00,37.0,101.0,38.0,1.1,101.0,
2991196,huairou_aq,2018-05-08 13:00:00,54.0,133.0,39.0,0.9,105.0,8.0
2991197,miyun_aq,2018-05-08 13:00:00,42.0,93.0,32.0,0.8,141.0,8.0
2991198,yanqin_aq,2018-05-08 13:00:00,43.0,98.0,25.0,0.4,143.0,4.0
2991199,dingling_aq,2018-05-08 13:00:00,17.0,56.0,18.0,0.5,98.0,6.0
2991200,badaling_aq,2018-05-08 13:00:00,36.0,116.0,57.0,0.4,109.0,2.0
2991201,miyunshuiku_aq,2018-05-08 13:00:00,41.0,78.0,17.0,0.7,169.0,8.0
2991202,donggaocun_aq,2018-05-08 13:00:00,31.0,75.0,29.0,0.9,91.0,10.0
2991203,yongledian_aq,2018-05-08 13:00:00,43.0,100.0,50.0,0.5,105.0,6.0
2991204,yufa_aq,2018-05-08 13:00:00,29.0,112.0,24.0,0.4,109.0,6.0
2991205,liulihe_aq,2018-05-08 13:00:00,42.0,141.0,40.0,0.6,106.0,
2991206,qianmen_aq,2018-05-08 13:00:00,25.0,92.0,39.0,0.5,106.0,6.0
2991207,yongdingmennei_aq,2018-05-08 13:00:00,26.0,73.0,54.0,0.5,84.0,6.0
2991208,xizhimenbei_aq,2018-05-08 13:00:00,26.0,53.0,68.0,0.7,92.0,8.0
2991209,nansanhuan_aq,2018-05-08 13:00:00,30.0,111.0,81.0,0.7,73.0,5.0
2991210,dongsihuan_aq,2018-05-08 13:00:00,28.0,125.0,83.0,0.8,66.0,8.0
2991232,dongsi_aq,2018-05-08 14:00:00,31.0,65.0,37.0,0.5,99.0,6.0
2991233,tiantan_aq,2018-05-08 14:00:00,41.0,84.0,34.0,0.6,87.0,6.0
2991234,guanyuan_aq,2018-05-08 14:00:00,42.0,91.0,38.0,0.5,100.0,6.0
2991235,wanshouxigong_aq,2018-05-08 14:00:00,45.0,109.0,35.0,0.5,95.0,6.0
2991236,aotizhongxin_aq,2018-05-08 14:00:00,39.0,67.0,31.0,0.3,109.0,7.0
2991237,nongzhanguan_aq,2018-05-08 14:00:00,35.0,95.0,37.0,0.7,91.0,8.0
2991238,wanliu_aq,2018-05-08 14:00:00,27.0,69.0,44.0,0.6,106.0,7.0
2991239,beibuxinqu_aq,2018-05-08 14:00:00,26.0,,,0.5,104.0,5.0
2991240,zhiwuyuan_aq,2018-05-08 14:00:00,,,,,,
2991241,fengtaihuayuan_aq,2018-05-08 14:00:00,30.0,87.0,28.0,0.5,112.0,5.0
2991242,yungang_aq,2018-05-08 14:00:00,21.0,58.0,29.0,0.5,109.0,4.0
2991243,gucheng_aq,2018-05-08 14:00:00,36.0,39.0,34.0,0.5,98.0,4.0
2991244,fangshan_aq,2018-05-08 14:00:00,27.0,142.0,33.0,0.4,112.0,5.0
2991245,daxing_aq,2018-05-08 14:00:00,29.0,116.0,32.0,0.6,102.0,6.0
2991246,yizhuang_aq,2018-05-08 14:00:00,31.0,84.0,58.0,0.8,84.0,6.0
2991247,tongzhou_aq,2018-05-08 14:00:00,34.0,148.0,60.0,0.8,72.0,8.0
2991248,shunyi_aq,2018-05-08 14:00:00,38.0,149.0,58.0,0.9,94.0,11.0
2991249,pingchang_aq,2018-05-08 14:00:00,38.0,108.0,,0.6,,5.0
2991250,mentougou_aq,2018-05-08 14:00:00,35.0,116.0,53.0,0.5,101.0,6.0
2991251,pinggu_aq,2018-05-08 14:00:00,33.0,89.0,34.0,1.1,98.0,
2991252,huairou_aq,2018-05-08 14:00:00,46.0,104.0,43.0,0.9,85.0,7.0
2991253,miyun_aq,2018-05-08 14:00:00,38.0,101.0,40.0,0.8,120.0,9.0
2991254,yanqin_aq,2018-05-08 14:00:00,50.0,102.0,31.0,0.4,124.0,3.0
2991255,dingling_aq,2018-05-08 14:00:00,12.0,55.0,19.0,0.5,96.0,6.0
2991256,badaling_aq,2018-05-08 14:00:00,37.0,122.0,65.0,0.4,97.0,4.0
2991257,miyunshuiku_aq,2018-05-08 14:00:00,45.0,96.0,21.0,0.8,134.0,8.0
2991258,donggaocun_aq,2018-05-08 14:00:00,27.0,66.0,27.0,1.0,86.0,9.0
2991259,yongledian_aq,2018-05-08 14:00:00,43.0,73.0,48.0,0.6,90.0,6.0
2991260,yufa_aq,2018-05-08 14:00:00,27.0,88.0,24.0,0.5,98.0,6.0
2991261,liulihe_aq,2018-05-08 14:00:00,42.0,152.0,25.0,0.6,109.0,
2991262,qianmen_aq,2018-05-08 14:00:00,25.0,106.0,47.0,0.5,91.0,6.0
2991263,yongdingmennei_aq,2018-05-08 14:00:00,32.0,95.0,62.0,0.5,70.0,7.0
2991264,xizhimenbei_aq,2018-05-08 14:00:00,31.0,96.0,66.0,0.6,78.0,8.0
2991265,nansanhuan_aq,2018-05-08 14:00:00,32.0,107.0,77.0,0.7,66.0,5.0
2991266,dongsihuan_aq,2018-05-08 14:00:00,30.0,105.0,79.0,0.8,66.0,8.0
2991288,dongsi_aq,2018-05-08 15:00:00,35.0,64.0,39.0,0.4,85.0,6.0
2991289,tiantan_aq,2018-05-08 15:00:00,60.0,85.0,38.0,0.6,74.0,5.0
2991290,guanyuan_aq,2018-05-08 15:00:00,34.0,83.0,38.0,0.5,89.0,5.0
2991291,wanshouxigong_aq,2018-05-08 15:00:00,41.0,122.0,40.0,0.5,76.0,5.0
2991292,aotizhongxin_aq,2018-05-08 15:00:00,36.0,74.0,39.0,0.3,89.0,7.0
2991293,nongzhanguan_aq,2018-05-08 15:00:00,29.0,81.0,38.0,0.6,80.0,8.0
2991294,wanliu_aq,2018-05-08 15:00:00,28.0,78.0,52.0,0.6,87.0,7.0
2991295,beibuxinqu_aq,2018-05-08 15:00:00,22.0,,,0.5,99.0,6.0
2991296,zhiwuyuan_aq,2018-05-08 15:00:00,,,,,,
2991297,fengtaihuayuan_aq,2018-05-08 15:00:00,35.0,85.0,50.0,0.5,78.0,5.0
2991298,yungang_aq,2018-05-08 15:00:00,19.0,62.0,31.0,0.5,94.0,3.0
2991299,gucheng_aq,2018-05-08 15:00:00,32.0,56.0,37.0,0.5,89.0,4.0
2991300,fangshan_aq,2018-05-08 15:00:00,25.0,121.0,39.0,0.5,93.0,4.0
2991301,daxing_aq,2018-05-08 15:00:00,38.0,96.0,35.0,0.5,87.0,6.0
2991302,yizhuang_aq,2018-05-08 15:00:00,31.0,77.0,58.0,0.7,73.0,5.0
2991303,tongzhou_aq,2018-05-08 15:00:00,33.0,121.0,59.0,0.8,61.0,7.0
2991304,shunyi_aq,2018-05-08 15:00:00,36.0,127.0,57.0,0.9,85.0,11.0
2991305,pingchang_aq,2018-05-08 15:00:00,29.0,61.0,28.0,0.5,89.0,9.0
2991306,mentougou_aq,2018-05-08 15:00:00,29.0,96.0,47.0,0.5,94.0,6.0
2991307,pinggu_aq,2018-05-08 15:00:00,42.0,84.0,43.0,1.0,75.0,
2991308,huairou_aq,2018-05-08 15:00:00,39.0,113.0,47.0,0.8,73.0,5.0
2991309,miyun_aq,2018-05-08 15:00:00,35.0,90.0,35.0,0.8,108.0,7.0
2991310,yanqin_aq,2018-05-08 15:00:00,42.0,85.0,25.0,0.5,127.0,5.0
2991311,dingling_aq,2018-05-08 15:00:00,15.0,60.0,23.0,0.6,87.0,6.0
2991312,badaling_aq,2018-05-08 15:00:00,41.0,117.0,89.0,0.5,70.0,5.0
2991313,miyunshuiku_aq,2018-05-08 15:00:00,43.0,96.0,23.0,0.8,120.0,7.0
2991314,donggaocun_aq,2018-05-08 15:00:00,23.0,56.0,25.0,0.9,76.0,6.0
2991315,yongledian_aq,2018-05-08 15:00:00,41.0,100.0,88.0,0.6,48.0,7.0
2991316,yufa_aq,2018-05-08 15:00:00,27.0,96.0,26.0,0.6,87.0,7.0
2991317,liulihe_aq,2018-05-08 15:00:00,26.0,109.0,26.0,0.5,83.0,
2991318,qianmen_aq,2018-05-08 15:00:00,24.0,99.0,48.0,0.5,79.0,6.0
2991319,yongdingmennei_aq,2018-05-08 15:00:00,34.0,107.0,61.0,0.4,63.0,7.0
2991320,xizhimenbei_aq,2018-05-08 15:00:00,28.0,78.0,61.0,0.5,75.0,7.0
2991321,nansanhuan_aq,2018-05-08 15:00:00,32.0,118.0,83.0,0.6,47.0,5.0
2991322,dongsihuan_aq,2018-05-08 15:00:00,29.0,107.0,81.0,0.7,52.0,8.0
2991364,dongsi_aq,2018-05-08 16:00:00,32.0,70.0,38.0,0.4,72.0,5.0
2991365,tiantan_aq,2018-05-08 16:00:00,30.0,82.0,37.0,0.5,63.0,5.0
2991366,guanyuan_aq,2018-05-08 16:00:00,28.0,88.0,40.0,0.5,76.0,6.0
2991367,wanshouxigong_aq,2018-05-08 16:00:00,42.0,120.0,48.0,0.6,56.0,5.0
2991368,aotizhongxin_aq,2018-05-08 16:00:00,35.0,82.0,52.0,0.3,65.0,6.0
2991369,nongzhanguan_aq,2018-05-08 16:00:00,30.0,85.0,40.0,0.6,68.0,8.0
2991370,wanliu_aq,2018-05-08 16:00:00,30.0,82.0,58.0,0.6,70.0,7.0
2991371,beibuxinqu_aq,2018-05-08 16:00:00,25.0,,,0.6,94.0,6.0
2991372,zhiwuyuan_aq,2018-05-08 16:00:00,,,,,,
2991373,fengtaihuayuan_aq,2018-05-08 16:00:00,32.0,89.0,55.0,0.5,64.0,4.0
2991374,yungang_aq,2018-05-08 16:00:00,12.0,65.0,36.0,0.5,75.0,3.0
2991375,gucheng_aq,2018-05-08 16:00:00,32.0,68.0,40.0,0.5,76.0,3.0
2991376,fangshan_aq,2018-05-08 16:00:00,24.0,110.0,42.0,0.5,78.0,4.0
2991377,daxing_aq,2018-05-08 16:00:00,29.0,91.0,43.0,0.6,67.0,5.0
2991378,yizhuang_aq,2018-05-08 16:00:00,32.0,74.0,48.0,0.6,68.0,5.0
2991379,tongzhou_aq,2018-05-08 16:00:00,28.0,116.0,61.0,0.7,50.0,7.0
2991380,shunyi_aq,2018-05-08 16:00:00,31.0,116.0,70.0,0.9,55.0,9.0
2991381,pingchang_aq,2018-05-08 16:00:00,30.0,98.0,31.0,0.5,79.0,9.0
2991382,mentougou_aq,2018-05-08 16:00:00,28.0,86.0,49.0,0.5,80.0,6.0
2991383,pinggu_aq,2018-05-08 16:00:00,39.0,70.0,29.0,0.9,83.0,
2991384,huairou_aq,2018-05-08 16:00:00,38.0,132.0,64.0,1.0,41.0,4.0
2991385,miyun_aq,2018-05-08 16:00:00,43.0,92.0,67.0,0.9,54.0,4.0
2991386,yanqin_aq,2018-05-08 16:00:00,43.0,87.0,29.0,0.5,100.0,5.0
2991387,dingling_aq,2018-05-08 16:00:00,23.0,60.0,24.0,0.6,72.0,6.0
2991388,badaling_aq,2018-05-08 16:00:00,33.0,96.0,55.0,0.5,80.0,4.0
2991389,miyunshuiku_aq,2018-05-08 16:00:00,39.0,84.0,24.0,0.9,106.0,8.0
2991390,donggaocun_aq,2018-05-08 16:00:00,23.0,45.0,26.0,0.7,76.0,7.0
2991391,yongledian_aq,2018-05-08 16:00:00,41.0,108.0,75.0,0.6,51.0,8.0
2991392,yufa_aq,2018-05-08 16:00:00,31.0,84.0,26.0,0.8,82.0,7.0
2991393,liulihe_aq,2018-05-08 16:00:00,42.0,120.0,38.0,0.6,52.0,
2991394,qianmen_aq,2018-05-08 16:00:00,33.0,103.0,55.0,0.5,61.0,6.0
2991395,yongdingmennei_aq,2018-05-08 16:00:00,31.0,111.0,71.0,0.5,42.0,7.0
2991396,xizhimenbei_aq,2018-05-08 16:00:00,23.0,101.0,65.0,0.6,60.0,7.0
2991397,nansanhuan_aq,2018-05-08 16:00:00,33.0,126.0,90.0,0.6,29.0,5.0
2991398,dongsihuan_aq,2018-05-08 16:00:00,28.0,88.0,71.0,0.6,52.0,8.0
2991399,dongsi_aq,2018-05-08 17:00:00,38.0,74.0,50.0,0.4,52.0,5.0
2991400,tiantan_aq,2018-05-08 17:00:00,29.0,101.0,48.0,0.6,40.0,3.0
2991401,guanyuan_aq,2018-05-08 17:00:00,27.0,94.0,37.0,0.5,73.0,7.0
2991402,wanshouxigong_aq,2018-05-08 17:00:00,53.0,113.0,52.0,0.6,43.0,4.0
2991403,aotizhongxin_aq,2018-05-08 17:00:00,37.0,85.0,63.0,0.4,46.0,6.0
2991404,nongzhanguan_aq,2018-05-08 17:00:00,29.0,88.0,49.0,0.6,54.0,7.0
2991405,wanliu_aq,2018-05-08 17:00:00,25.0,83.0,49.0,0.6,69.0,7.0
2991406,beibuxinqu_aq,2018-05-08 17:00:00,28.0,,,0.5,66.0,3.0
2991407,zhiwuyuan_aq,2018-05-08 17:00:00,,,,,,
2991408,fengtaihuayuan_aq,2018-05-08 17:00:00,43.0,91.0,56.0,0.5,55.0,5.0
2991409,yungang_aq,2018-05-08 17:00:00,12.0,64.0,35.0,0.5,66.0,3.0
2991410,gucheng_aq,2018-05-08 17:00:00,32.0,67.0,61.0,0.5,48.0,3.0
2991411,fangshan_aq,2018-05-08 17:00:00,26.0,114.0,56.0,0.5,54.0,
2991412,daxing_aq,2018-05-08 17:00:00,29.0,90.0,43.0,0.6,56.0,3.0
2991413,yizhuang_aq,2018-05-08 17:00:00,34.0,72.0,47.0,0.6,58.0,4.0
2991414,tongzhou_aq,2018-05-08 17:00:00,28.0,99.0,50.0,0.6,54.0,7.0
2991415,shunyi_aq,2018-05-08 17:00:00,45.0,94.0,75.0,1.0,34.0,8.0
2991416,pingchang_aq,2018-05-08 17:00:00,27.0,103.0,39.0,0.5,64.0,9.0
2991417,mentougou_aq,2018-05-08 17:00:00,30.0,96.0,86.0,0.5,34.0,5.0
2991418,pinggu_aq,2018-05-08 17:00:00,36.0,67.0,22.0,0.9,81.0,
2991419,huairou_aq,2018-05-08 17:00:00,50.0,109.0,59.0,1.0,39.0,4.0
2991420,miyun_aq,2018-05-08 17:00:00,43.0,94.0,69.0,1.0,48.0,6.0
2991421,yanqin_aq,2018-05-08 17:00:00,37.0,80.0,27.0,0.5,91.0,5.0
2991422,dingling_aq,2018-05-08 17:00:00,,,,,,
2991423,badaling_aq,2018-05-08 17:00:00,34.0,87.0,74.0,0.4,57.0,5.0
2991424,miyunshuiku_aq,2018-05-08 17:00:00,40.0,101.0,26.0,0.9,91.0,8.0
2991425,donggaocun_aq,2018-05-08 17:00:00,23.0,39.0,20.0,0.6,82.0,6.0
2991426,yongledian_aq,2018-05-08 17:00:00,47.0,128.0,96.0,0.6,18.0,6.0
2991427,yufa_aq,2018-05-08 17:00:00,37.0,98.0,35.0,0.8,56.0,5.0
2991428,liulihe_aq,2018-05-08 17:00:00,45.0,114.0,39.0,0.6,42.0,
2991429,qianmen_aq,2018-05-08 17:00:00,39.0,110.0,72.0,0.5,37.0,5.0
2991430,yongdingmennei_aq,2018-05-08 17:00:00,36.0,155.0,101.0,0.5,10.0,3.0
2991431,xizhimenbei_aq,2018-05-08 17:00:00,28.0,82.0,51.0,0.5,66.0,7.0
2991432,nansanhuan_aq,2018-05-08 17:00:00,32.0,111.0,97.0,0.6,17.0,5.0
2991433,dongsihuan_aq,2018-05-08 17:00:00,36.0,91.0,125.0,0.7,2.0,17.0
2991455,dongsi_aq,2018-05-08 18:00:00,37.0,68.0,53.0,0.5,50.0,6.0
2991456,tiantan_aq,2018-05-08 18:00:00,26.0,82.0,64.0,0.6,23.0,3.0
2991457,guanyuan_aq,2018-05-08 18:00:00,25.0,82.0,41.0,0.5,63.0,6.0
2991458,wanshouxigong_aq,2018-05-08 18:00:00,38.0,110.0,50.0,0.6,39.0,4.0
2991459,aotizhongxin_aq,2018-05-08 18:00:00,34.0,78.0,63.0,0.4,43.0,7.0
2991460,nongzhanguan_aq,2018-05-08 18:00:00,29.0,90.0,51.0,0.6,48.0,7.0
2991461,wanliu_aq,2018-05-08 18:00:00,29.0,78.0,50.0,0.6,63.0,6.0
2991462,beibuxinqu_aq,2018-05-08 18:00:00,31.0,,,0.5,45.0,2.0
2991463,zhiwuyuan_aq,2018-05-08 18:00:00,,,,,,
2991464,fengtaihuayuan_aq,2018-05-08 18:00:00,39.0,83.0,42.0,0.5,64.0,5.0
2991465,yungang_aq,2018-05-08 18:00:00,15.0,59.0,56.0,0.5,42.0,4.0
2991466,gucheng_aq,2018-05-08 18:00:00,38.0,73.0,117.0,0.5,2.0,3.0
2991467,fangshan_aq,2018-05-08 18:00:00,28.0,114.0,51.0,,57.0,4.0
2991468,daxing_aq,2018-05-08 18:00:00,26.0,83.0,42.0,0.6,54.0,4.0
2991469,yizhuang_aq,2018-05-08 18:00:00,31.0,66.0,53.0,0.6,48.0,3.0
2991470,tongzhou_aq,2018-05-08 18:00:00,34.0,102.0,70.0,0.6,32.0,7.0
2991471,shunyi_aq,2018-05-08 18:00:00,46.0,98.0,77.0,1.0,24.0,7.0
2991472,pingchang_aq,2018-05-08 18:00:00,26.0,104.0,38.0,0.6,58.0,8.0
2991473,mentougou_aq,2018-05-08 18:00:00,37.0,117.0,92.0,0.5,20.0,3.0
2991474,pinggu_aq,2018-05-08 18:00:00,30.0,56.0,25.0,0.9,66.0,
2991475,huairou_aq,2018-05-08 18:00:00,44.0,130.0,47.0,1.0,35.0,2.0
2991476,miyun_aq,2018-05-08 18:00:00,38.0,79.0,69.0,0.9,39.0,4.0
2991477,yanqin_aq,2018-05-08 18:00:00,42.0,79.0,23.0,0.5,92.0,6.0
2991478,dingling_aq,2018-05-08 18:00:00,,,,,,
2991479,badaling_aq,2018-05-08 18:00:00,31.0,93.0,54.0,0.5,63.0,4.0
2991480,miyunshuiku_aq,2018-05-08 18:00:00,40.0,93.0,25.0,0.9,82.0,6.0
2991481,donggaocun_aq,2018-05-08 18:00:00,30.0,46.0,17.0,0.7,77.0,6.0
2991482,yongledian_aq,2018-05-08 18:00:00,43.0,120.0,95.0,0.6,3.0,3.0
2991483,yufa_aq,2018-05-08 18:00:00,34.0,101.0,35.0,0.6,38.0,3.0
2991484,liulihe_aq,2018-05-08 18:00:00,38.0,117.0,41.0,0.5,48.0,
2991485,qianmen_aq,2018-05-08 18:00:00,28.0,96.0,79.0,0.5,28.0,5.0
2991486,yongdingmennei_aq,2018-05-08 18:00:00,30.0,93.0,110.0,0.5,2.0,4.0
2991487,xizhimenbei_aq,2018-05-08 18:00:00,27.0,83.0,57.0,0.5,56.0,6.0
2991488,nansanhuan_aq,2018-05-08 18:00:00,32.0,99.0,92.0,0.6,19.0,5.0
2991489,dongsihuan_aq,2018-05-08 18:00:00,37.0,126.0,121.0,0.7,2.0,16.0
2991511,dongsi_aq,2018-05-08 19:00:00,34.0,67.0,54.0,0.5,50.0,6.0
2991512,tiantan_aq,2018-05-08 19:00:00,32.0,74.0,56.0,0.6,23.0,2.0
2991513,guanyuan_aq,2018-05-08 19:00:00,30.0,84.0,59.0,0.5,41.0,5.0
2991514,wanshouxigong_aq,2018-05-08 19:00:00,33.0,117.0,65.0,0.6,20.0,3.0
2991515,aotizhongxin_aq,2018-05-08 19:00:00,33.0,80.0,66.0,0.4,38.0,7.0
2991516,nongzhanguan_aq,2018-05-08 19:00:00,32.0,124.0,99.0,0.7,4.0,6.0
2991517,wanliu_aq,2018-05-08 19:00:00,32.0,98.0,77.0,0.7,29.0,5.0
2991518,beibuxinqu_aq,2018-05-08 19:00:00,29.0,,,0.6,25.0,2.0
2991519,zhiwuyuan_aq,2018-05-08 19:00:00,,,,,,
2991520,fengtaihuayuan_aq,2018-05-08 19:00:00,28.0,88.0,55.0,0.5,48.0,4.0
2991521,yungang_aq,2018-05-08 19:00:00,14.0,72.0,73.0,0.5,23.0,3.0
2991522,gucheng_aq,2018-05-08 19:00:00,34.0,90.0,107.0,0.6,5.0,2.0
2991523,fangshan_aq,2018-05-08 19:00:00,30.0,130.0,52.0,0.5,,5.0
2991524,daxing_aq,2018-05-08 19:00:00,28.0,86.0,78.0,0.6,23.0,5.0
2991525,yizhuang_aq,2018-05-08 19:00:00,30.0,74.0,67.0,0.6,34.0,3.0
2991526,tongzhou_aq,2018-05-08 19:00:00,37.0,126.0,87.0,0.6,9.0,4.0
2991527,shunyi_aq,2018-05-08 19:00:00,39.0,98.0,67.0,1.2,28.0,7.0
2991528,pingchang_aq,2018-05-08 19:00:00,33.0,83.0,21.0,0.5,70.0,7.0
2991529,mentougou_aq,2018-05-08 19:00:00,41.0,165.0,77.0,0.5,22.0,2.0
2991530,pinggu_aq,2018-05-08 19:00:00,32.0,60.0,23.0,0.9,66.0,
2991531,huairou_aq,2018-05-08 19:00:00,42.0,114.0,30.0,0.8,44.0,2.0
2991532,miyun_aq,2018-05-08 19:00:00,34.0,75.0,63.0,0.8,38.0,3.0
2991533,yanqin_aq,2018-05-08 19:00:00,39.0,75.0,27.0,0.5,81.0,5.0
2991534,dingling_aq,2018-05-08 19:00:00,14.0,53.0,17.0,0.6,69.0,7.0
2991535,badaling_aq,2018-05-08 19:00:00,29.0,168.0,60.0,0.4,50.0,4.0
2991536,miyunshuiku_aq,2018-05-08 19:00:00,40.0,144.0,22.0,0.9,72.0,3.0
2991537,donggaocun_aq,2018-05-08 19:00:00,33.0,40.0,17.0,0.7,75.0,6.0
2991538,yongledian_aq,2018-05-08 19:00:00,53.0,106.0,90.0,0.6,2.0,3.0
2991539,yufa_aq,2018-05-08 19:00:00,41.0,87.0,40.0,0.6,29.0,2.0
2991540,liulihe_aq,2018-05-08 19:00:00,31.0,124.0,37.0,0.4,46.0,
2991541,qianmen_aq,2018-05-08 19:00:00,31.0,88.0,74.0,0.5,31.0,5.0
2991542,yongdingmennei_aq,2018-05-08 19:00:00,33.0,118.0,102.0,0.5,2.0,3.0
2991543,xizhimenbei_aq,2018-05-08 19:00:00,29.0,116.0,89.0,0.6,18.0,5.0
2991544,nansanhuan_aq,2018-05-08 19:00:00,34.0,94.0,102.0,0.6,6.0,5.0
2991545,dongsihuan_aq,2018-05-08 19:00:00,40.0,131.0,115.0,0.7,2.0,14.0
2991567,dongsi_aq,2018-05-08 20:00:00,38.0,69.0,82.0,0.5,19.0,6.0
2991568,tiantan_aq,2018-05-08 20:00:00,34.0,77.0,73.0,0.6,6.0,2.0
2991569,guanyuan_aq,2018-05-08 20:00:00,28.0,85.0,64.0,0.5,27.0,5.0
2991570,wanshouxigong_aq,2018-05-08 20:00:00,42.0,80.0,87.0,0.6,2.0,3.0
2991571,aotizhongxin_aq,2018-05-08 20:00:00,36.0,86.0,106.0,0.5,2.0,7.0
2991572,nongzhanguan_aq,2018-05-08 20:00:00,36.0,112.0,105.0,0.7,2.0,6.0
2991573,wanliu_aq,2018-05-08 20:00:00,27.0,101.0,85.0,0.6,12.0,3.0
2991574,beibuxinqu_aq,2018-05-08 20:00:00,30.0,,,0.7,2.0,2.0
2991575,zhiwuyuan_aq,2018-05-08 20:00:00,,,,,,
2991576,fengtaihuayuan_aq,2018-05-08 20:00:00,37.0,109.0,83.0,0.5,18.0,4.0
2991577,yungang_aq,2018-05-08 20:00:00,30.0,82.0,78.0,0.5,12.0,2.0
2991578,gucheng_aq,2018-05-08 20:00:00,39.0,97.0,102.0,0.5,3.0,2.0
2991579,fangshan_aq,2018-05-08 20:00:00,31.0,117.0,,0.5,24.0,4.0
2991580,daxing_aq,2018-05-08 20:00:00,35.0,114.0,105.0,0.7,2.0,5.0
2991581,yizhuang_aq,2018-05-08 20:00:00,32.0,84.0,108.0,0.7,2.0,3.0
2991582,tongzhou_aq,2018-05-08 20:00:00,43.0,145.0,88.0,0.6,4.0,4.0
2991583,shunyi_aq,2018-05-08 20:00:00,37.0,85.0,70.0,1.0,24.0,7.0
2991584,pingchang_aq,2018-05-08 20:00:00,28.0,79.0,37.0,0.5,52.0,7.0
2991585,mentougou_aq,2018-05-08 20:00:00,29.0,106.0,57.0,0.5,32.0,2.0
2991586,pinggu_aq,2018-05-08 20:00:00,29.0,53.0,22.0,0.9,66.0,
2991587,huairou_aq,2018-05-08 20:00:00,37.0,66.0,22.0,0.7,51.0,2.0
2991588,miyun_aq,2018-05-08 20:00:00,33.0,70.0,51.0,0.7,48.0,2.0
2991589,yanqin_aq,2018-05-08 20:00:00,41.0,82.0,26.0,0.5,74.0,5.0
2991590,dingling_aq,2018-05-08 20:00:00,15.0,54.0,22.0,0.6,53.0,6.0
2991591,badaling_aq,2018-05-08 20:00:00,44.0,145.0,110.0,0.6,2.0,10.0
2991592,miyunshuiku_aq,2018-05-08 20:00:00,34.0,53.0,19.0,0.8,71.0,3.0
2991593,donggaocun_aq,2018-05-08 20:00:00,16.0,32.0,14.0,0.6,77.0,5.0
2991594,yongledian_aq,2018-05-08 20:00:00,40.0,88.0,80.0,0.6,2.0,2.0
2991595,yufa_aq,2018-05-08 20:00:00,37.0,83.0,79.0,0.7,2.0,3.0
2991596,liulihe_aq,2018-05-08 20:00:00,27.0,84.0,43.0,0.4,17.0,
2991597,qianmen_aq,2018-05-08 20:00:00,36.0,95.0,100.0,0.7,8.0,6.0
2991598,yongdingmennei_aq,2018-05-08 20:00:00,34.0,110.0,99.0,0.5,2.0,2.0
2991599,xizhimenbei_aq,2018-05-08 20:00:00,35.0,88.0,93.0,0.6,14.0,5.0
2991600,nansanhuan_aq,2018-05-08 20:00:00,38.0,106.0,108.0,0.6,2.0,6.0
2991601,dongsihuan_aq,2018-05-08 20:00:00,41.0,147.0,110.0,0.7,2.0,16.0
2991643,dongsi_aq,2018-05-08 22:00:00,42.0,78.0,91.0,0.6,5.0,6.0
2991644,tiantan_aq,2018-05-08 22:00:00,38.0,101.0,77.0,0.7,2.0,2.0
2991645,guanyuan_aq,2018-05-08 22:00:00,34.0,96.0,95.0,0.6,2.0,6.0
2991646,wanshouxigong_aq,2018-05-08 22:00:00,49.0,121.0,88.0,0.7,2.0,3.0
2991647,aotizhongxin_aq,2018-05-08 22:00:00,39.0,117.0,103.0,0.5,2.0,6.0
2991648,nongzhanguan_aq,2018-05-08 22:00:00,39.0,97.0,97.0,0.7,2.0,7.0
2991649,wanliu_aq,2018-05-08 22:00:00,30.0,84.0,95.0,0.8,2.0,3.0
2991650,beibuxinqu_aq,2018-05-08 22:00:00,37.0,,,0.9,2.0,2.0
2991651,zhiwuyuan_aq,2018-05-08 22:00:00,,,,,,
2991652,fengtaihuayuan_aq,2018-05-08 22:00:00,46.0,120.0,97.0,0.7,4.0,5.0
2991653,yungang_aq,2018-05-08 22:00:00,28.0,83.0,84.0,0.5,12.0,3.0
2991654,gucheng_aq,2018-05-08 22:00:00,49.0,127.0,97.0,0.6,2.0,2.0
2991655,fangshan_aq,2018-05-08 22:00:00,38.0,141.0,91.0,0.6,2.0,2.0
2991656,daxing_aq,2018-05-08 22:00:00,46.0,164.0,95.0,0.7,2.0,4.0
2991657,yizhuang_aq,2018-05-08 22:00:00,39.0,85.0,100.0,0.8,2.0,3.0
2991658,tongzhou_aq,2018-05-08 22:00:00,43.0,122.0,84.0,0.8,5.0,4.0
2991659,shunyi_aq,2018-05-08 22:00:00,44.0,80.0,58.0,1.0,28.0,6.0
2991660,pingchang_aq,2018-05-08 22:00:00,29.0,82.0,35.0,0.5,45.0,7.0
2991661,mentougou_aq,2018-05-08 22:00:00,34.0,90.0,68.0,0.6,28.0,2.0
2991662,pinggu_aq,2018-05-08 22:00:00,31.0,57.0,28.0,0.8,56.0,
2991663,huairou_aq,2018-05-08 22:00:00,33.0,67.0,20.0,0.7,48.0,2.0
2991664,miyun_aq,2018-05-08 22:00:00,36.0,68.0,49.0,0.8,35.0,2.0
2991665,yanqin_aq,2018-05-08 22:00:00,47.0,82.0,49.0,0.5,33.0,3.0
2991666,dingling_aq,2018-05-08 22:00:00,12.0,50.0,22.0,0.7,43.0,6.0
2991667,badaling_aq,2018-05-08 22:00:00,40.0,123.0,96.0,0.6,5.0,5.0
2991668,miyunshuiku_aq,2018-05-08 22:00:00,34.0,72.0,19.0,0.8,70.0,3.0
2991669,donggaocun_aq,2018-05-08 22:00:00,13.0,30.0,12.0,0.6,91.0,5.0
2991670,yongledian_aq,2018-05-08 22:00:00,40.0,103.0,61.0,0.6,2.0,2.0
2991671,yufa_aq,2018-05-08 22:00:00,41.0,90.0,83.0,0.7,2.0,5.0
2991672,liulihe_aq,2018-05-08 22:00:00,26.0,93.0,46.0,0.4,15.0,
2991673,qianmen_aq,2018-05-08 22:00:00,38.0,111.0,107.0,0.7,2.0,7.0
2991674,yongdingmennei_aq,2018-05-08 22:00:00,34.0,128.0,102.0,0.7,2.0,2.0
2991675,xizhimenbei_aq,2018-05-08 22:00:00,38.0,135.0,111.0,0.7,2.0,7.0
2991676,nansanhuan_aq,2018-05-08 22:00:00,50.0,142.0,104.0,0.8,2.0,9.0
2991677,dongsihuan_aq,2018-05-08 22:00:00,47.0,165.0,105.0,0.8,2.0,15.0
2991699,dongsi_aq,2018-05-08 23:00:00,46.0,94.0,87.0,0.7,8.0,6.0
2991700,tiantan_aq,2018-05-08 23:00:00,55.0,165.0,74.0,0.7,2.0,3.0
2991701,guanyuan_aq,2018-05-08 23:00:00,38.0,117.0,88.0,0.7,7.0,7.0
2991702,wanshouxigong_aq,2018-05-08 23:00:00,59.0,140.0,82.0,0.8,3.0,5.0
2991703,aotizhongxin_aq,2018-05-08 23:00:00,43.0,101.0,99.0,0.6,2.0,7.0
2991704,nongzhanguan_aq,2018-05-08 23:00:00,35.0,113.0,88.0,0.8,2.0,7.0
2991705,wanliu_aq,2018-05-08 23:00:00,35.0,94.0,90.0,1.0,9.0,5.0
2991706,beibuxinqu_aq,2018-05-08 23:00:00,36.0,,,0.8,4.0,2.0
2991707,zhiwuyuan_aq,2018-05-08 23:00:00,,,,,,
2991708,fengtaihuayuan_aq,2018-05-08 23:00:00,46.0,102.0,89.0,0.7,13.0,6.0
2991709,yungang_aq,2018-05-08 23:00:00,25.0,83.0,62.0,0.5,23.0,4.0
2991710,gucheng_aq,2018-05-08 23:00:00,43.0,100.0,92.0,0.9,8.0,2.0
2991711,fangshan_aq,2018-05-08 23:00:00,40.0,150.0,87.0,0.6,8.0,4.0
2991712,daxing_aq,2018-05-08 23:00:00,48.0,150.0,89.0,0.8,7.0,8.0
2991713,yizhuang_aq,2018-05-08 23:00:00,40.0,98.0,93.0,0.8,7.0,5.0
2991714,tongzhou_aq,2018-05-08 23:00:00,42.0,142.0,81.0,0.9,9.0,5.0
2991715,shunyi_aq,2018-05-08 23:00:00,41.0,93.0,57.0,0.9,29.0,7.0
2991716,pingchang_aq,2018-05-08 23:00:00,30.0,84.0,39.0,0.6,43.0,8.0
2991717,mentougou_aq,2018-05-08 23:00:00,28.0,81.0,40.0,0.5,59.0,2.0
2991718,pinggu_aq,2018-05-08 23:00:00,32.0,66.0,32.0,0.8,56.0,
2991719,huairou_aq,2018-05-08 23:00:00,33.0,73.0,27.0,0.8,40.0,2.0
2991720,miyun_aq,2018-05-08 23:00:00,40.0,66.0,62.0,0.8,29.0,2.0
2991721,yanqin_aq,2018-05-08 23:00:00,43.0,86.0,45.0,0.6,39.0,4.0
2991722,dingling_aq,2018-05-08 23:00:00,28.0,63.0,28.0,0.7,42.0,7.0
2991723,badaling_aq,2018-05-08 23:00:00,39.0,101.0,70.0,0.6,28.0,3.0
2991724,miyunshuiku_aq,2018-05-08 23:00:00,33.0,48.0,16.0,0.8,71.0,4.0
2991725,donggaocun_aq,2018-05-08 23:00:00,22.0,62.0,12.0,0.6,82.0,5.0
2991726,yongledian_aq,2018-05-08 23:00:00,59.0,129.0,71.0,0.7,9.0,3.0
2991727,yufa_aq,2018-05-08 23:00:00,45.0,111.0,71.0,0.6,7.0,9.0
2991728,liulihe_aq,2018-05-08 23:00:00,35.0,101.0,49.0,0.4,26.0,
2991729,qianmen_aq,2018-05-08 23:00:00,48.0,112.0,104.0,0.8,5.0,9.0
2991730,yongdingmennei_aq,2018-05-08 23:00:00,37.0,97.0,93.0,0.7,2.0,5.0
2991731,xizhimenbei_aq,2018-05-08 23:00:00,39.0,156.0,115.0,0.8,2.0,8.0
2991732,nansanhuan_aq,2018-05-08 23:00:00,53.0,159.0,104.0,1.0,2.0,11.0
2991733,dongsihuan_aq,2018-05-08 23:00:00,50.0,133.0,104.0,1.0,2.0,13.0
2991755,dongsi_aq,2018-05-09 00:00:00,54.0,80.0,84.0,0.8,14.0,8.0
2991756,tiantan_aq,2018-05-09 00:00:00,51.0,109.0,85.0,0.8,10.0,7.0
2991757,guanyuan_aq,2018-05-09 00:00:00,54.0,146.0,91.0,0.9,12.0,7.0
2991758,wanshouxigong_aq,2018-05-09 00:00:00,47.0,99.0,85.0,0.8,12.0,8.0
2991759,aotizhongxin_aq,2018-05-09 00:00:00,46.0,107.0,96.0,0.7,2.0,8.0
2991760,nongzhanguan_aq,2018-05-09 00:00:00,43.0,68.0,90.0,1.0,10.0,11.0
2991761,wanliu_aq,2018-05-09 00:00:00,48.0,107.0,87.0,1.0,14.0,7.0
2991762,beibuxinqu_aq,2018-05-09 00:00:00,44.0,,,0.7,21.0,2.0
2991763,zhiwuyuan_aq,2018-05-09 00:00:00,,,,,,
2991764,fengtaihuayuan_aq,2018-05-09 00:00:00,54.0,120.0,89.0,0.8,21.0,8.0
2991765,yungang_aq,2018-05-09 00:00:00,36.0,81.0,76.0,0.6,18.0,6.0
2991766,gucheng_aq,2018-05-09 00:00:00,49.0,92.0,88.0,0.8,18.0,4.0
2991767,fangshan_aq,2018-05-09 00:00:00,43.0,172.0,88.0,0.7,16.0,7.0
2991768,daxing_aq,2018-05-09 00:00:00,58.0,149.0,83.0,0.8,18.0,12.0
2991769,yizhuang_aq,2018-05-09 00:00:00,44.0,99.0,88.0,0.8,16.0,9.0
2991770,tongzhou_aq,2018-05-09 00:00:00,50.0,129.0,79.0,0.9,15.0,7.0
2991771,shunyi_aq,2018-05-09 00:00:00,44.0,90.0,55.0,0.9,38.0,10.0
2991772,pingchang_aq,2018-05-09 00:00:00,42.0,86.0,36.0,0.7,56.0,10.0
2991773,mentougou_aq,2018-05-09 00:00:00,37.0,90.0,60.0,0.7,45.0,4.0
2991774,pinggu_aq,2018-05-09 00:00:00,32.0,73.0,31.0,0.8,69.0,
2991775,huairou_aq,2018-05-09 00:00:00,35.0,84.0,39.0,0.8,46.0,2.0
2991776,miyun_aq,2018-05-09 00:00:00,43.0,100.0,60.0,0.9,38.0,4.0
2991777,yanqin_aq,2018-05-09 00:00:00,57.0,104.0,43.0,0.6,62.0,6.0
2991778,dingling_aq,2018-05-09 00:00:00,20.0,77.0,35.0,0.7,51.0,8.0
2991779,badaling_aq,2018-05-09 00:00:00,43.0,113.0,62.0,0.5,43.0,5.0
2991780,miyunshuiku_aq,2018-05-09 00:00:00,38.0,46.0,17.0,0.7,89.0,5.0
2991781,donggaocun_aq,2018-05-09 00:00:00,35.0,80.0,48.0,0.7,27.0,10.0
2991782,yongledian_aq,2018-05-09 00:00:00,63.0,128.0,75.0,0.8,29.0,8.0
2991783,yufa_aq,2018-05-09 00:00:00,60.0,126.0,65.0,0.8,17.0,14.0
2991784,liulihe_aq,2018-05-09 00:00:00,,,68.0,0.5,20.0,
2991785,qianmen_aq,2018-05-09 00:00:00,49.0,112.0,102.0,0.8,13.0,10.0
2991786,yongdingmennei_aq,2018-05-09 00:00:00,45.0,101.0,98.0,0.9,10.0,10.0
2991787,xizhimenbei_aq,2018-05-09 00:00:00,57.0,128.0,110.0,0.9,7.0,7.0
2991788,nansanhuan_aq,2018-05-09 00:00:00,64.0,166.0,114.0,1.1,5.0,15.0
2991789,dongsihuan_aq,2018-05-09 00:00:00,55.0,137.0,107.0,1.1,2.0,14.0
2991811,dongsi_aq,2018-05-09 01:00:00,60.0,71.0,73.0,0.7,36.0,9.0
2991812,tiantan_aq,2018-05-09 01:00:00,46.0,96.0,71.0,0.8,35.0,8.0
2991813,guanyuan_aq,2018-05-09 01:00:00,55.0,136.0,91.0,0.9,19.0,8.0
2991814,wanshouxigong_aq,2018-05-09 01:00:00,66.0,111.0,74.0,0.8,34.0,10.0
2991815,aotizhongxin_aq,2018-05-09 01:00:00,57.0,115.0,89.0,0.7,15.0,10.0
2991816,nongzhanguan_aq,2018-05-09 01:00:00,49.0,82.0,75.0,0.8,32.0,12.0
2991817,wanliu_aq,2018-05-09 01:00:00,49.0,112.0,88.0,0.9,24.0,8.0
2991818,beibuxinqu_aq,2018-05-09 01:00:00,39.0,107.0,61.0,0.8,37.0,4.0
2991819,zhiwuyuan_aq,2018-05-09 01:00:00,,,,,,
2991820,fengtaihuayuan_aq,2018-05-09 01:00:00,63.0,129.0,82.0,0.8,34.0,10.0
2991821,yungang_aq,2018-05-09 01:00:00,48.0,107.0,92.0,0.7,20.0,10.0
2991822,gucheng_aq,2018-05-09 01:00:00,59.0,75.0,84.0,0.8,32.0,7.0
2991823,fangshan_aq,2018-05-09 01:00:00,42.0,161.0,66.0,0.6,50.0,10.0
2991824,daxing_aq,2018-05-09 01:00:00,59.0,145.0,70.0,0.8,42.0,16.0
2991825,yizhuang_aq,2018-05-09 01:00:00,67.0,102.0,78.0,0.8,37.0,14.0
2991826,tongzhou_aq,2018-05-09 01:00:00,105.0,125.0,72.0,0.8,35.0,10.0
2991827,shunyi_aq,2018-05-09 01:00:00,49.0,96.0,53.0,0.9,52.0,25.0
2991828,pingchang_aq,2018-05-09 01:00:00,49.0,94.0,38.0,0.7,65.0,12.0
2991829,mentougou_aq,2018-05-09 01:00:00,44.0,98.0,65.0,0.6,56.0,7.0
2991830,pinggu_aq,2018-05-09 01:00:00,32.0,64.0,30.0,0.8,83.0,7.0
2991831,huairou_aq,2018-05-09 01:00:00,37.0,82.0,36.0,0.8,68.0,4.0
2991832,miyun_aq,2018-05-09 01:00:00,40.0,84.0,47.0,0.8,65.0,5.0
2991833,yanqin_aq,2018-05-09 01:00:00,52.0,95.0,29.0,0.6,92.0,8.0
2991834,dingling_aq,2018-05-09 01:00:00,34.0,80.0,33.0,0.8,73.0,12.0
2991835,badaling_aq,2018-05-09 01:00:00,56.0,142.0,49.0,0.5,64.0,6.0
2991836,miyunshuiku_aq,2018-05-09 01:00:00,34.0,,18.0,,97.0,4.0
2991837,donggaocun_aq,2018-05-09 01:00:00,43.0,105.0,62.0,0.7,27.0,16.0
2991838,yongledian_aq,2018-05-09 01:00:00,90.0,,67.0,0.9,60.0,18.0
2991839,yufa_aq,2018-05-09 01:00:00,56.0,125.0,45.0,0.6,62.0,18.0
2991840,liulihe_aq,2018-05-09 01:00:00,53.0,188.0,64.0,0.5,46.0,12.0
2991841,qianmen_aq,2018-05-09 01:00:00,54.0,118.0,94.0,0.8,27.0,11.0
2991842,yongdingmennei_aq,2018-05-09 01:00:00,63.0,145.0,88.0,0.8,24.0,12.0
2991843,xizhimenbei_aq,2018-05-09 01:00:00,56.0,134.0,110.0,0.9,13.0,10.0
2991844,nansanhuan_aq,2018-05-09 01:00:00,67.0,150.0,114.0,1.0,11.0,14.0
2991845,dongsihuan_aq,2018-05-09 01:00:00,61.0,146.0,92.0,1.1,31.0,15.0
2991867,dongsi_aq,2018-05-09 02:00:00,57.0,74.0,67.0,0.7,57.0,9.0
2991868,tiantan_aq,2018-05-09 02:00:00,53.0,98.0,69.0,0.7,49.0,10.0
2991869,guanyuan_aq,2018-05-09 02:00:00,63.0,130.0,87.0,0.8,36.0,10.0
2991870,wanshouxigong_aq,2018-05-09 02:00:00,77.0,152.0,76.0,0.8,48.0,11.0
2991871,aotizhongxin_aq,2018-05-09 02:00:00,61.0,116.0,92.0,0.7,23.0,10.0
2991872,nongzhanguan_aq,2018-05-09 02:00:00,57.0,115.0,70.0,0.8,46.0,11.0
2991873,wanliu_aq,2018-05-09 02:00:00,52.0,112.0,87.0,0.9,37.0,13.0
2991874,beibuxinqu_aq,2018-05-09 02:00:00,46.0,122.0,72.0,0.8,39.0,6.0
2991875,zhiwuyuan_aq,2018-05-09 02:00:00,,,,,,
2991876,fengtaihuayuan_aq,2018-05-09 02:00:00,59.0,127.0,72.0,0.7,59.0,14.0
2991877,yungang_aq,2018-05-09 02:00:00,38.0,95.0,78.0,0.7,52.0,17.0
2991878,gucheng_aq,2018-05-09 02:00:00,61.0,91.0,80.0,0.8,48.0,11.0
2991879,fangshan_aq,2018-05-09 02:00:00,45.0,135.0,46.0,0.6,89.0,17.0
2991880,daxing_aq,2018-05-09 02:00:00,54.0,133.0,50.0,0.7,79.0,20.0
2991881,yizhuang_aq,2018-05-09 02:00:00,47.0,80.0,48.0,0.6,81.0,16.0
2991882,tongzhou_aq,2018-05-09 02:00:00,,117.0,53.0,0.6,67.0,10.0
2991883,shunyi_aq,2018-05-09 02:00:00,53.0,102.0,52.0,0.9,69.0,25.0
2991884,pingchang_aq,2018-05-09 02:00:00,48.0,97.0,33.0,0.7,79.0,12.0
2991885,mentougou_aq,2018-05-09 02:00:00,55.0,113.0,76.0,0.7,54.0,7.0
2991886,pinggu_aq,2018-05-09 02:00:00,30.0,62.0,32.0,0.8,94.0,10.0
2991887,huairou_aq,2018-05-09 02:00:00,39.0,84.0,35.0,0.8,80.0,6.0
2991888,miyun_aq,2018-05-09 02:00:00,37.0,77.0,40.0,0.8,88.0,7.0
2991889,yanqin_aq,2018-05-09 02:00:00,64.0,94.0,26.0,0.5,106.0,8.0
2991890,dingling_aq,2018-05-09 02:00:00,39.0,81.0,30.0,0.8,88.0,12.0
2991891,badaling_aq,2018-05-09 02:00:00,51.0,112.0,36.0,0.5,89.0,6.0
2991892,miyunshuiku_aq,2018-05-09 02:00:00,42.0,100.0,,0.5,107.0,4.0
2991893,donggaocun_aq,2018-05-09 02:00:00,36.0,63.0,42.0,0.6,75.0,12.0
2991894,yongledian_aq,2018-05-09 02:00:00,65.0,80.0,69.0,0.8,82.0,18.0
2991895,yufa_aq,2018-05-09 02:00:00,46.0,78.0,28.0,0.5,97.0,13.0
2991896,liulihe_aq,2018-05-09 02:00:00,50.0,157.0,49.0,0.5,77.0,14.0
2991897,qianmen_aq,2018-05-09 02:00:00,60.0,122.0,76.0,0.7,56.0,12.0
2991898,yongdingmennei_aq,2018-05-09 02:00:00,46.0,103.0,90.0,0.7,39.0,13.0
2991899,xizhimenbei_aq,2018-05-09 02:00:00,62.0,158.0,115.0,1.0,16.0,15.0
2991900,nansanhuan_aq,2018-05-09 02:00:00,69.0,137.0,97.0,1.2,39.0,12.0
2991901,dongsihuan_aq,2018-05-09 02:00:00,62.0,111.0,76.0,0.9,56.0,13.0
2991923,dongsi_aq,2018-05-09 03:00:00,66.0,87.0,56.0,0.6,87.0,10.0
2991924,tiantan_aq,2018-05-09 03:00:00,48.0,100.0,53.0,0.6,78.0,11.0
2991925,guanyuan_aq,2018-05-09 03:00:00,63.0,115.0,62.0,0.7,83.0,11.0
2991926,wanshouxigong_aq,2018-05-09 03:00:00,69.0,141.0,54.0,0.7,85.0,12.0
2991927,aotizhongxin_aq,2018-05-09 03:00:00,67.0,102.0,74.0,0.7,62.0,11.0
2991928,nongzhanguan_aq,2018-05-09 03:00:00,63.0,101.0,61.0,0.7,73.0,11.0
2991929,wanliu_aq,2018-05-09 03:00:00,54.0,112.0,90.0,0.9,55.0,12.0
2991930,beibuxinqu_aq,2018-05-09 03:00:00,,,52.0,0.8,49.0,7.0
2991931,zhiwuyuan_aq,2018-05-09 03:00:00,,,,,,
2991932,fengtaihuayuan_aq,2018-05-09 03:00:00,72.0,129.0,51.0,0.6,94.0,12.0
2991933,yungang_aq,2018-05-09 03:00:00,48.0,95.0,44.0,0.6,105.0,15.0
2991934,gucheng_aq,2018-05-09 03:00:00,70.0,94.0,79.0,0.8,68.0,11.0
2991935,fangshan_aq,2018-05-09 03:00:00,46.0,140.0,37.0,0.5,118.0,16.0
2991936,daxing_aq,2018-05-09 03:00:00,55.0,133.0,45.0,0.6,96.0,17.0
2991937,yizhuang_aq,2018-05-09 03:00:00,50.0,86.0,37.0,0.6,109.0,17.0
2991938,tongzhou_aq,2018-05-09 03:00:00,,110.0,39.0,0.5,96.0,9.0
2991939,shunyi_aq,2018-05-09 03:00:00,60.0,111.0,44.0,0.8,100.0,18.0
2991940,pingchang_aq,2018-05-09 03:00:00,53.0,91.0,37.0,0.7,87.0,16.0
2991941,mentougou_aq,2018-05-09 03:00:00,53.0,127.0,84.0,0.7,67.0,10.0
2991942,pinggu_aq,2018-05-09 03:00:00,36.0,67.0,29.0,0.7,118.0,13.0
2991943,huairou_aq,2018-05-09 03:00:00,42.0,103.0,34.0,0.7,92.0,9.0
2991944,miyun_aq,2018-05-09 03:00:00,39.0,69.0,33.0,0.7,106.0,8.0
2991945,yanqin_aq,2018-05-09 03:00:00,58.0,92.0,26.0,0.5,117.0,8.0
2991946,dingling_aq,2018-05-09 03:00:00,41.0,88.0,31.0,0.8,100.0,14.0
2991947,badaling_aq,2018-05-09 03:00:00,55.0,117.0,35.0,0.5,93.0,6.0
2991948,miyunshuiku_aq,2018-05-09 03:00:00,34.0,,17.0,0.6,123.0,4.0
2991949,donggaocun_aq,2018-05-09 03:00:00,39.0,60.0,23.0,0.5,120.0,12.0
2991950,yongledian_aq,2018-05-09 03:00:00,61.0,87.0,49.0,0.6,125.0,14.0
2991951,yufa_aq,2018-05-09 03:00:00,51.0,60.0,19.0,0.4,125.0,10.0
2991952,liulihe_aq,2018-05-09 03:00:00,54.0,144.0,36.0,0.5,113.0,16.0
2991953,qianmen_aq,2018-05-09 03:00:00,57.0,111.0,64.0,0.6,81.0,12.0
2991954,yongdingmennei_aq,2018-05-09 03:00:00,55.0,124.0,64.0,0.5,72.0,13.0
2991955,xizhimenbei_aq,2018-05-09 03:00:00,71.0,110.0,93.0,0.8,55.0,14.0
2991956,nansanhuan_aq,2018-05-09 03:00:00,64.0,,92.0,0.8,55.0,14.0
2991957,dongsihuan_aq,2018-05-09 03:00:00,62.0,110.0,82.0,0.8,65.0,11.0
2991979,dongsi_aq,2018-05-09 04:00:00,72.0,93.0,43.0,0.5,121.0,12.0
2991980,tiantan_aq,2018-05-09 04:00:00,54.0,111.0,41.0,0.6,102.0,12.0
2991981,guanyuan_aq,2018-05-09 04:00:00,63.0,125.0,44.0,0.5,121.0,12.0
2991982,wanshouxigong_aq,2018-05-09 04:00:00,73.0,162.0,47.0,0.6,111.0,12.0
2991983,aotizhongxin_aq,2018-05-09 04:00:00,77.0,94.0,47.0,0.5,114.0,12.0
2991984,nongzhanguan_aq,2018-05-09 04:00:00,49.0,109.0,47.0,0.5,103.0,13.0
2991985,wanliu_aq,2018-05-09 04:00:00,53.0,104.0,51.0,0.7,121.0,13.0
2991986,beibuxinqu_aq,2018-05-09 04:00:00,,,,,,
2991987,zhiwuyuan_aq,2018-05-09 04:00:00,,,,,,
2991988,fengtaihuayuan_aq,2018-05-09 04:00:00,123.0,139.0,34.0,0.6,131.0,13.0
2991989,yungang_aq,2018-05-09 04:00:00,,38.0,34.0,0.5,131.0,14.0
2991990,gucheng_aq,2018-05-09 04:00:00,73.0,97.0,40.0,0.6,124.0,12.0
2991991,fangshan_aq,2018-05-09 04:00:00,84.0,149.0,33.0,0.5,150.0,15.0
2991992,daxing_aq,2018-05-09 04:00:00,46.0,120.0,26.0,0.6,134.0,11.0
2991993,yizhuang_aq,2018-05-09 04:00:00,60.0,73.0,30.0,0.5,132.0,13.0
2991994,tongzhou_aq,2018-05-09 04:00:00,,114.0,29.0,0.4,131.0,9.0
2991995,shunyi_aq,2018-05-09 04:00:00,57.0,102.0,41.0,0.7,125.0,13.0
2991996,pingchang_aq,2018-05-09 04:00:00,55.0,121.0,43.0,0.7,98.0,15.0
2991997,mentougou_aq,2018-05-09 04:00:00,88.0,126.0,59.0,0.6,119.0,13.0
2991998,pinggu_aq,2018-05-09 04:00:00,35.0,76.0,20.0,0.6,153.0,17.0
2991999,huairou_aq,2018-05-09 04:00:00,48.0,122.0,35.0,0.7,106.0,10.0
2992000,miyun_aq,2018-05-09 04:00:00,45.0,80.0,23.0,0.6,147.0,8.0
2992001,yanqin_aq,2018-05-09 04:00:00,58.0,90.0,27.0,0.6,121.0,8.0
2992002,dingling_aq,2018-05-09 04:00:00,51.0,96.0,36.0,0.7,116.0,17.0
2992003,badaling_aq,2018-05-09 04:00:00,64.0,147.0,37.0,0.6,99.0,6.0
2992004,miyunshuiku_aq,2018-05-09 04:00:00,37.0,,19.0,0.6,149.0,8.0
2992005,donggaocun_aq,2018-05-09 04:00:00,39.0,73.0,19.0,0.4,139.0,14.0
2992006,yongledian_aq,2018-05-09 04:00:00,48.0,67.0,29.0,0.5,165.0,10.0
2992007,yufa_aq,2018-05-09 04:00:00,46.0,105.0,15.0,0.4,142.0,9.0
2992008,liulihe_aq,2018-05-09 04:00:00,60.0,132.0,31.0,0.5,141.0,14.0
2992009,qianmen_aq,2018-05-09 04:00:00,65.0,122.0,54.0,0.6,108.0,14.0
2992010,yongdingmennei_aq,2018-05-09 04:00:00,49.0,147.0,54.0,0.5,97.0,15.0
2992011,xizhimenbei_aq,2018-05-09 04:00:00,60.0,137.0,74.0,0.6,91.0,14.0
2992012,nansanhuan_aq,2018-05-09 04:00:00,62.0,193.0,84.0,0.7,83.0,13.0
2992013,dongsihuan_aq,2018-05-09 04:00:00,57.0,122.0,71.0,0.7,94.0,13.0
2992035,dongsi_aq,2018-05-09 05:00:00,57.0,82.0,28.0,0.4,155.0,8.0
2992036,tiantan_aq,2018-05-09 05:00:00,45.0,87.0,22.0,0.5,136.0,8.0
2992037,guanyuan_aq,2018-05-09 05:00:00,54.0,112.0,22.0,0.4,166.0,9.0
2992038,wanshouxigong_aq,2018-05-09 05:00:00,66.0,124.0,27.0,0.5,150.0,7.0
2992039,aotizhongxin_aq,2018-05-09 05:00:00,66.0,93.0,26.0,0.4,159.0,11.0
2992040,nongzhanguan_aq,2018-05-09 05:00:00,43.0,113.0,29.0,0.4,141.0,10.0
2992041,wanliu_aq,2018-05-09 05:00:00,40.0,87.0,27.0,0.5,164.0,10.0
2992042,beibuxinqu_aq,2018-05-09 05:00:00,,,,,,
2992043,zhiwuyuan_aq,2018-05-09 05:00:00,,,,,,
2992044,fengtaihuayuan_aq,2018-05-09 05:00:00,67.0,94.0,19.0,0.5,167.0,8.0
2992045,yungang_aq,2018-05-09 05:00:00,31.0,,20.0,0.5,172.0,6.0
2992046,gucheng_aq,2018-05-09 05:00:00,55.0,71.0,25.0,0.5,155.0,10.0
2992047,fangshan_aq,2018-05-09 05:00:00,50.0,142.0,27.0,0.5,172.0,13.0
2992048,daxing_aq,2018-05-09 05:00:00,39.0,96.0,14.0,0.5,163.0,6.0
2992049,yizhuang_aq,2018-05-09 05:00:00,,29.0,27.0,0.5,116.0,5.0
2992050,tongzhou_aq,2018-05-09 05:00:00,,113.0,21.0,0.4,153.0,7.0
2992051,shunyi_aq,2018-05-09 05:00:00,55.0,76.0,40.0,,,12.0
2992052,pingchang_aq,2018-05-09 05:00:00,67.0,139.0,59.0,0.7,98.0,14.0
2992053,mentougou_aq,2018-05-09 05:00:00,57.0,121.0,40.0,0.6,162.0,12.0
2992054,pinggu_aq,2018-05-09 05:00:00,40.0,64.0,18.0,0.6,173.0,13.0
2992055,huairou_aq,2018-05-09 05:00:00,48.0,132.0,42.0,0.7,117.0,9.0
2992056,miyun_aq,2018-05-09 05:00:00,55.0,91.0,27.0,0.6,155.0,11.0
2992057,yanqin_aq,2018-05-09 05:00:00,56.0,107.0,26.0,0.6,139.0,8.0
2992058,dingling_aq,2018-05-09 05:00:00,57.0,110.0,51.0,0.8,111.0,17.0
2992059,badaling_aq,2018-05-09 05:00:00,69.0,131.0,34.0,0.6,118.0,6.0
2992060,miyunshuiku_aq,2018-05-09 05:00:00,46.0,,17.0,0.6,174.0,9.0
2992061,donggaocun_aq,2018-05-09 05:00:00,41.0,60.0,16.0,0.4,159.0,10.0
2992062,yongledian_aq,2018-05-09 05:00:00,45.0,49.0,21.0,0.4,188.0,8.0
2992063,yufa_aq,2018-05-09 05:00:00,37.0,68.0,11.0,0.4,158.0,9.0
2992064,liulihe_aq,2018-05-09 05:00:00,43.0,104.0,13.0,0.4,187.0,7.0
2992065,qianmen_aq,2018-05-09 05:00:00,46.0,101.0,36.0,0.5,148.0,10.0
2992066,yongdingmennei_aq,2018-05-09 05:00:00,51.0,98.0,33.0,0.4,134.0,11.0
2992067,xizhimenbei_aq,2018-05-09 05:00:00,61.0,116.0,55.0,0.6,126.0,13.0
2992068,nansanhuan_aq,2018-05-09 05:00:00,44.0,125.0,80.0,0.9,111.0,7.0
2992069,dongsihuan_aq,2018-05-09 05:00:00,50.0,110.0,48.0,0.5,133.0,10.0
2992091,dongsi_aq,2018-05-09 06:00:00,52.0,,18.0,0.4,178.0,5.0
2992092,tiantan_aq,2018-05-09 06:00:00,42.0,74.0,13.0,0.5,151.0,7.0
2992093,guanyuan_aq,2018-05-09 06:00:00,59.0,103.0,17.0,0.4,187.0,7.0
2992094,wanshouxigong_aq,2018-05-09 06:00:00,64.0,76.0,18.0,0.5,167.0,5.0
2992095,aotizhongxin_aq,2018-05-09 06:00:00,47.0,122.0,15.0,,179.0,
2992096,nongzhanguan_aq,2018-05-09 06:00:00,42.0,72.0,21.0,0.3,165.0,7.0
2992097,wanliu_aq,2018-05-09 06:00:00,48.0,98.0,25.0,0.5,186.0,10.0
2992098,beibuxinqu_aq,2018-05-09 06:00:00,,,,,,
2992099,zhiwuyuan_aq,2018-05-09 06:00:00,,,,,,
2992100,fengtaihuayuan_aq,2018-05-09 06:00:00,57.0,106.0,17.0,0.5,184.0,8.0
2992101,yungang_aq,2018-05-09 06:00:00,44.0,72.0,15.0,0.4,197.0,9.0
2992102,gucheng_aq,2018-05-09 06:00:00,52.0,84.0,21.0,0.5,171.0,9.0
2992103,fangshan_aq,2018-05-09 06:00:00,44.0,151.0,18.0,0.4,199.0,11.0
2992104,daxing_aq,2018-05-09 06:00:00,41.0,107.0,15.0,0.5,172.0,6.0
2992105,yizhuang_aq,2018-05-09 06:00:00,,,,0.4,148.0,
2992106,tongzhou_aq,2018-05-09 06:00:00,44.0,119.0,18.0,0.4,174.0,6.0
2992107,shunyi_aq,2018-05-09 06:00:00,,,,0.7,181.0,14.0
2992108,pingchang_aq,2018-05-09 06:00:00,66.0,132.0,42.0,0.6,147.0,13.0
2992109,mentougou_aq,2018-05-09 06:00:00,48.0,125.0,30.0,0.5,183.0,9.0
2992110,pinggu_aq,2018-05-09 06:00:00,44.0,64.0,15.0,0.6,214.0,10.0
2992111,huairou_aq,2018-05-09 06:00:00,57.0,134.0,43.0,0.6,132.0,7.0
2992112,miyun_aq,2018-05-09 06:00:00,60.0,97.0,32.0,0.6,173.0,9.0
2992113,yanqin_aq,2018-05-09 06:00:00,63.0,118.0,32.0,0.6,143.0,9.0
2992114,dingling_aq,2018-05-09 06:00:00,63.0,115.0,59.0,0.8,127.0,14.0
2992115,badaling_aq,2018-05-09 06:00:00,71.0,158.0,48.0,0.6,114.0,6.0
2992116,miyunshuiku_aq,2018-05-09 06:00:00,57.0,85.0,21.0,0.6,179.0,11.0
2992117,donggaocun_aq,2018-05-09 06:00:00,42.0,67.0,15.0,0.5,191.0,9.0
2992118,yongledian_aq,2018-05-09 06:00:00,38.0,80.0,19.0,0.4,203.0,7.0
2992119,yufa_aq,2018-05-09 06:00:00,44.0,92.0,10.0,0.4,171.0,11.0
2992120,liulihe_aq,2018-05-09 06:00:00,43.0,117.0,14.0,0.4,200.0,6.0
2992121,qianmen_aq,2018-05-09 06:00:00,36.0,92.0,36.0,0.4,160.0,7.0
2992122,yongdingmennei_aq,2018-05-09 06:00:00,59.0,64.0,32.0,0.4,148.0,8.0
2992123,xizhimenbei_aq,2018-05-09 06:00:00,57.0,106.0,45.0,0.5,145.0,11.0
2992124,nansanhuan_aq,2018-05-09 06:00:00,34.0,120.0,74.0,1.5,127.0,6.0
2992125,dongsihuan_aq,2018-05-09 06:00:00,41.0,109.0,59.0,0.6,137.0,7.0
2992147,dongsi_aq,2018-05-09 07:00:00,53.0,,17.0,0.4,187.0,6.0
2992148,tiantan_aq,2018-05-09 07:00:00,40.0,82.0,13.0,0.5,159.0,7.0
2992149,guanyuan_aq,2018-05-09 07:00:00,28.0,107.0,17.0,0.3,196.0,7.0
2992150,wanshouxigong_aq,2018-05-09 07:00:00,64.0,135.0,17.0,0.5,178.0,6.0
2992151,aotizhongxin_aq,2018-05-09 07:00:00,,,,,,
2992152,nongzhanguan_aq,2018-05-09 07:00:00,39.0,96.0,19.0,0.3,176.0,7.0
2992153,wanliu_aq,2018-05-09 07:00:00,44.0,101.0,26.0,0.5,200.0,10.0
2992154,beibuxinqu_aq,2018-05-09 07:00:00,,,,,,
2992155,zhiwuyuan_aq,2018-05-09 07:00:00,,,,,,
2992156,fengtaihuayuan_aq,2018-05-09 07:00:00,59.0,104.0,16.0,0.5,198.0,8.0
2992157,yungang_aq,2018-05-09 07:00:00,46.0,71.0,12.0,0.4,213.0,10.0
2992158,gucheng_aq,2018-05-09 07:00:00,56.0,81.0,27.0,0.5,177.0,9.0
2992159,fangshan_aq,2018-05-09 07:00:00,38.0,148.0,15.0,0.4,209.0,15.0
2992160,daxing_aq,2018-05-09 07:00:00,45.0,116.0,19.0,0.5,182.0,9.0
2992161,yizhuang_aq,2018-05-09 07:00:00,,106.0,,0.5,189.0,
2992162,tongzhou_aq,2018-05-09 07:00:00,,,15.0,0.4,193.0,7.0
2992163,shunyi_aq,2018-05-09 07:00:00,,,21.0,0.7,198.0,8.0
2992164,pingchang_aq,2018-05-09 07:00:00,62.0,122.0,20.0,0.5,196.0,12.0
2992165,mentougou_aq,2018-05-09 07:00:00,46.0,118.0,28.0,0.5,198.0,9.0
2992166,pinggu_aq,2018-05-09 07:00:00,54.0,,18.0,0.6,220.0,10.0
2992167,huairou_aq,2018-05-09 07:00:00,59.0,119.0,26.0,0.5,173.0,7.0
2992168,miyun_aq,2018-05-09 07:00:00,58.0,93.0,38.0,0.5,188.0,7.0
2992169,yanqin_aq,2018-05-09 07:00:00,73.0,134.0,50.0,0.7,137.0,9.0
2992170,dingling_aq,2018-05-09 07:00:00,49.0,102.0,27.0,0.6,192.0,13.0
2992171,badaling_aq,2018-05-09 07:00:00,74.0,159.0,58.0,0.7,127.0,8.0
2992172,miyunshuiku_aq,2018-05-09 07:00:00,59.0,86.0,21.0,0.6,193.0,8.0
2992173,donggaocun_aq,2018-05-09 07:00:00,47.0,60.0,17.0,0.4,190.0,9.0
2992174,yongledian_aq,2018-05-09 07:00:00,58.0,98.0,18.0,0.4,217.0,6.0
2992175,yufa_aq,2018-05-09 07:00:00,36.0,89.0,9.0,0.4,164.0,7.0
2992176,liulihe_aq,2018-05-09 07:00:00,47.0,102.0,15.0,0.4,222.0,6.0
2992177,qianmen_aq,2018-05-09 07:00:00,41.0,106.0,31.0,0.4,174.0,8.0
2992178,yongdingmennei_aq,2018-05-09 07:00:00,55.0,115.0,29.0,0.5,161.0,7.0
2992179,xizhimenbei_aq,2018-05-09 07:00:00,47.0,114.0,45.0,0.5,156.0,11.0
2992180,nansanhuan_aq,2018-05-09 07:00:00,34.0,125.0,71.0,1.5,135.0,7.0
2992181,dongsihuan_aq,2018-05-09 07:00:00,35.0,100.0,41.0,0.5,164.0,7.0
2992203,dongsi_aq,2018-05-09 08:00:00,56.0,79.0,20.0,0.4,198.0,8.0
2992204,tiantan_aq,2018-05-09 08:00:00,35.0,98.0,14.0,0.5,168.0,10.0
2992205,guanyuan_aq,2018-05-09 08:00:00,38.0,112.0,17.0,0.3,204.0,11.0
2992206,wanshouxigong_aq,2018-05-09 08:00:00,53.0,129.0,18.0,0.6,184.0,9.0
2992207,aotizhongxin_aq,2018-05-09 08:00:00,43.0,,19.0,0.3,203.0,7.0
2992208,nongzhanguan_aq,2018-05-09 08:00:00,45.0,111.0,20.0,0.3,187.0,9.0
2992209,wanliu_aq,2018-05-09 08:00:00,40.0,94.0,22.0,0.5,208.0,13.0
2992210,beibuxinqu_aq,2018-05-09 08:00:00,27.0,,15.0,0.5,184.0,9.0
2992211,zhiwuyuan_aq,2018-05-09 08:00:00,,,,,,
2992212,fengtaihuayuan_aq,2018-05-09 08:00:00,42.0,102.0,16.0,0.5,206.0,12.0
2992213,yungang_aq,2018-05-09 08:00:00,50.0,79.0,12.0,0.5,223.0,15.0
2992214,gucheng_aq,2018-05-09 08:00:00,54.0,81.0,20.0,0.5,191.0,13.0
2992215,fangshan_aq,2018-05-09 08:00:00,36.0,160.0,15.0,0.4,216.0,13.0
2992216,daxing_aq,2018-05-09 08:00:00,39.0,117.0,16.0,0.5,184.0,10.0
2992217,yizhuang_aq,2018-05-09 08:00:00,31.0,79.0,17.0,0.5,192.0,4.0
2992218,tongzhou_aq,2018-05-09 08:00:00,46.0,116.0,14.0,0.4,198.0,7.0
2992219,shunyi_aq,2018-05-09 08:00:00,44.0,114.0,19.0,0.7,220.0,9.0
2992220,pingchang_aq,2018-05-09 08:00:00,57.0,134.0,17.0,0.4,210.0,13.0
2992221,mentougou_aq,2018-05-09 08:00:00,49.0,121.0,29.0,0.5,208.0,13.0
2992222,pinggu_aq,2018-05-09 08:00:00,48.0,62.0,18.0,0.6,231.0,9.0
2992223,huairou_aq,2018-05-09 08:00:00,55.0,94.0,22.0,0.5,188.0,5.0
2992224,miyun_aq,2018-05-09 08:00:00,56.0,97.0,38.0,0.5,205.0,6.0
2992225,yanqin_aq,2018-05-09 08:00:00,73.0,132.0,32.0,0.6,196.0,10.0
2992226,dingling_aq,2018-05-09 08:00:00,43.0,105.0,22.0,0.6,213.0,13.0
2992227,badaling_aq,2018-05-09 08:00:00,75.0,163.0,36.0,0.5,187.0,8.0
2992228,miyunshuiku_aq,2018-05-09 08:00:00,55.0,75.0,16.0,0.5,219.0,7.0
2992229,donggaocun_aq,2018-05-09 08:00:00,39.0,61.0,17.0,0.4,201.0,10.0
2992230,yongledian_aq,2018-05-09 08:00:00,45.0,69.0,16.0,0.4,214.0,6.0
2992231,yufa_aq,2018-05-09 08:00:00,43.0,103.0,11.0,0.4,173.0,6.0
2992232,liulihe_aq,2018-05-09 08:00:00,46.0,108.0,15.0,0.4,233.0,7.0
2992233,qianmen_aq,2018-05-09 08:00:00,51.0,112.0,32.0,0.4,184.0,10.0
2992234,yongdingmennei_aq,2018-05-09 08:00:00,43.0,104.0,34.0,0.6,166.0,12.0
2992235,xizhimenbei_aq,2018-05-09 08:00:00,48.0,107.0,41.0,0.5,169.0,13.0
2992236,nansanhuan_aq,2018-05-09 08:00:00,33.0,124.0,65.0,0.6,152.0,9.0
2992237,dongsihuan_aq,2018-05-09 08:00:00,34.0,102.0,49.0,0.5,166.0,9.0
2992259,dongsi_aq,2018-05-09 09:00:00,52.0,59.0,19.0,0.4,189.0,8.0
2992260,tiantan_aq,2018-05-09 09:00:00,34.0,94.0,14.0,0.5,161.0,9.0
2992261,guanyuan_aq,2018-05-09 09:00:00,25.0,97.0,17.0,0.3,203.0,12.0
2992262,wanshouxigong_aq,2018-05-09 09:00:00,52.0,117.0,18.0,0.6,182.0,11.0
2992263,aotizhongxin_aq,2018-05-09 09:00:00,51.0,56.0,20.0,0.3,203.0,8.0
2992264,nongzhanguan_aq,2018-05-09 09:00:00,,6.0,,,161.0,
2992265,wanliu_aq,2018-05-09 09:00:00,42.0,95.0,24.0,0.5,205.0,13.0
2992266,beibuxinqu_aq,2018-05-09 09:00:00,44.0,,19.0,0.5,187.0,12.0
2992267,zhiwuyuan_aq,2018-05-09 09:00:00,,,,,,
2992268,fengtaihuayuan_aq,2018-05-09 09:00:00,120.0,,16.0,0.5,203.0,13.0
2992269,yungang_aq,2018-05-09 09:00:00,47.0,83.0,13.0,0.5,224.0,11.0
2992270,gucheng_aq,2018-05-09 09:00:00,58.0,77.0,22.0,0.5,194.0,10.0
2992271,fangshan_aq,2018-05-09 09:00:00,39.0,140.0,15.0,0.4,217.0,19.0
2992272,daxing_aq,2018-05-09 09:00:00,41.0,119.0,20.0,0.6,183.0,9.0
2992273,yizhuang_aq,2018-05-09 09:00:00,29.0,96.0,,0.5,169.0,4.0
2992274,tongzhou_aq,2018-05-09 09:00:00,40.0,127.0,16.0,0.4,196.0,7.0
2992275,shunyi_aq,2018-05-09 09:00:00,39.0,112.0,20.0,0.7,223.0,10.0
2992276,pingchang_aq,2018-05-09 09:00:00,58.0,124.0,15.0,0.5,211.0,15.0
2992277,mentougou_aq,2018-05-09 09:00:00,57.0,120.0,33.0,0.5,217.0,10.0
2992278,pinggu_aq,2018-05-09 09:00:00,44.0,64.0,16.0,,235.0,9.0
2992279,huairou_aq,2018-05-09 09:00:00,45.0,98.0,18.0,0.4,197.0,4.0
2992280,miyun_aq,2018-05-09 09:00:00,50.0,99.0,37.0,0.5,211.0,6.0
2992281,yanqin_aq,2018-05-09 09:00:00,75.0,132.0,22.0,0.5,220.0,10.0
2992282,dingling_aq,2018-05-09 09:00:00,45.0,107.0,21.0,0.6,216.0,13.0
2992283,badaling_aq,2018-05-09 09:00:00,66.0,168.0,28.0,0.5,204.0,7.0
2992284,miyunshuiku_aq,2018-05-09 09:00:00,54.0,85.0,15.0,0.5,228.0,6.0
2992285,donggaocun_aq,2018-05-09 09:00:00,47.0,57.0,15.0,0.4,210.0,8.0
2992286,yongledian_aq,2018-05-09 09:00:00,47.0,114.0,19.0,0.5,220.0,8.0
2992287,yufa_aq,2018-05-09 09:00:00,56.0,109.0,12.0,0.5,187.0,7.0
2992288,liulihe_aq,2018-05-09 09:00:00,47.0,126.0,18.0,0.5,233.0,11.0
2992289,qianmen_aq,2018-05-09 09:00:00,39.0,98.0,36.0,0.5,172.0,11.0
2992290,yongdingmennei_aq,2018-05-09 09:00:00,48.0,102.0,34.0,0.6,157.0,12.0
2992291,xizhimenbei_aq,2018-05-09 09:00:00,49.0,97.0,55.0,0.5,154.0,14.0
2992292,nansanhuan_aq,2018-05-09 09:00:00,28.0,122.0,71.0,0.6,138.0,10.0
2992293,dongsihuan_aq,2018-05-09 09:00:00,27.0,105.0,48.0,0.6,160.0,8.0
